gene	start	end	length	strand	gc_content	genetic_code	rbs_motif	marker	evalue	bitscore	uscg	plasmid_hallmark	virus_hallmark	taxid	taxname	annotation_conjscan	annotation_amr	annotation_accessions	annotation_description
contig_12_1	11	1510	1500	-1	0.335	11	GGAG/GAGG	NA	NA	NA	0	0	0	1	NA	NA	NA	NA	NA
contig_12_2	1655	2185	531	-1	0.395	11	GGA/GAG/AGG	GENOMAD.218254.VP	6.561e-06	48	0	0	0	2561	Caudoviricetes	NA	NA	PF13814	Replication-relaxation
contig_12_3	2127	2924	798	-1	0.386	11	GGA/GAG/AGG	NA	NA	NA	0	0	0	1	NA	NA	NA	NA	NA
contig_12_4	3195	3392	198	1	0.343	11	GGAG/GAGG	GENOMAD.196061.VP	9.169e-07	46	0	0	1	2561	Caudoviricetes	NA	NA	PF06892;COG3655;TIGR00673;K07727	DNA-binding transcriptional regulator, XRE family
contig_12_5	3422	3574	153	1	0.386	11	AGGAG	NA	NA	NA	0	0	0	1	NA	NA	NA	NA	NA
contig_12_6	3615	4559	945	-1	0.386	11	AGGA	NA	NA	NA	0	0	0	1	NA	NA	NA	NA	NA
contig_12_7	4559	4825	267	-1	0.330	11	AGGAG	GENOMAD.130508.VV	2.69e-20	86	0	0	1	2561	Caudoviricetes	NA	NA	PF04531;COG5546;TIGR01598	holin, phage phi LC3 family
contig_12_8	4828	5061	234	-1	0.376	11	None	GENOMAD.219823.VP	8.776e-12	61	0	0	0	2561	Caudoviricetes	NA	NA	PF10779	Haemolysin XhlA
contig_12_9	5097	5243	147	-1	0.395	11	GGA/GAG/AGG	NA	NA	NA	0	0	0	1	NA	NA	NA	NA	NA
contig_12_10	5296	5475	180	-1	0.322	11	GGA/GAG/AGG	GENOMAD.119829.VV	3.068e-07	47	0	0	0	2561	Caudoviricetes	NA	NA	NA	NA
contig_12_11	5475	7385	1911	-1	0.395	11	None	GENOMAD.084165.VV	1.673e-145	476	0	0	0	2561	Caudoviricetes	NA	NA	COG4926	Phage-related protein
contig_12_12	7475	8386	912	-1	0.277	11	GGA/GAG/AGG	NA	NA	NA	0	0	0	1	NA	NA	NA	NA	NA
contig_12_13	8443	10374	1932	-1	0.359	11	GGAG/GAGG	GENOMAD.063868.VV	1.856e-44	176	0	0	0	9913	Herelleviridae	NA	NA	NA	NA
contig_12_14	10394	11200	807	-1	0.330	11	GGA/GAG/AGG	GENOMAD.083013.VV	1.815e-11	67	0	0	0	2561	Caudoviricetes	NA	NA	PF20195;COG4722;TIGR01633	Phage-related protein
contig_12_15	11200	13635	2436	-1	0.387	11	GGAG/GAGG	GENOMAD.104182.VP	4.114e-44	177	0	0	0	2561	Caudoviricetes	NA	NA	NA	NA
contig_12_16	13980	14429	450	-1	0.387	11	AGGAG	GENOMAD.050144.VV	1.045e-49	174	0	0	1	2561	Caudoviricetes	NA	NA	PF12363	Phage tail assembly chaperone protein, TAC
contig_12_17	14475	14963	489	-1	0.407	11	AGGAG	GENOMAD.017956.VV	2.523e-71	237	0	0	1	2561	Caudoviricetes	NA	NA	PF06199;TIGR02126;COG5437	phage major tail protein, TP901-1 family
contig_12_18	14975	15298	324	-1	0.398	11	GGA/GAG/AGG	GENOMAD.034908.VV	1.671e-33	125	0	0	0	1	NA	NA	NA	NA	NA
contig_12_19	15309	15713	405	-1	0.351	11	None	GENOMAD.082817.VV	4.462e-27	108	0	0	1	2561	Caudoviricetes	NA	NA	PF11367	NA
contig_12_20	15719	16150	432	-1	0.382	11	GGA/GAG/AGG	GENOMAD.004969.VV	7.749e-42	151	0	0	0	2561	Caudoviricetes	NA	NA	NA	NA
contig_12_21	16147	16458	312	-1	0.381	11	AGGA	GENOMAD.059894.VV	5.722e-27	106	0	0	1	2561	Caudoviricetes	NA	NA	PF05521;COG5614;TIGR01563	Bacteriophage head-tail adaptor
contig_12_22	16458	16754	297	-1	0.337	11	GGA/GAG/AGG	GENOMAD.069683.VV	1.126e-25	102	0	0	0	2561	Caudoviricetes	NA	NA	PF11436;TIGR01560	Phage gp6-like head-tail connector protein
contig_12_23	16899	17723	825	-1	0.402	11	AGGAG	GENOMAD.110081.VP	6.667e-49	178	0	0	1	2561	Caudoviricetes	NA	NA	PF13252;TIGR04387;COG4653	major capsid protein, N4-gp56 family
contig_12_24	17737	18348	612	-1	0.335	11	AGGAG	GENOMAD.020216.VV	8.62e-42	154	0	0	0	2561	Caudoviricetes	NA	NA	PF14265	NA
contig_12_25	18431	18685	255	-1	0.337	11	AGGAG	NA	NA	NA	0	0	0	1	NA	NA	NA	NA	NA
contig_12_26	18726	18902	177	-1	0.266	11	GGA/GAG/AGG	NA	NA	NA	0	0	0	1	NA	NA	NA	NA	NA
contig_12_27	18915	19826	912	-1	0.384	11	GGA/GAG/AGG	GENOMAD.003493.VV	1.066e-105	344	0	0	1	2561	Caudoviricetes	NA	NA	PF06152;COG5585;TIGR01641	NAD+--asparagine ADP-ribosyltransferase
contig_12_28	19807	21249	1443	-1	0.371	11	GGA/GAG/AGG	GENOMAD.001599.VV	4.076e-64	231	0	0	1	2561	Caudoviricetes	NA	NA	PF05133;TIGR01538	Phage portal protein, SPP1 Gp6-like
contig_12_29	21263	22507	1245	-1	0.360	11	AGxAG	GENOMAD.056179.VV	6.61e-109	359	0	0	1	2561	Caudoviricetes	NA	NA	PF04466;TIGR01547;COG1783;K06909	phage terminase, large subunit, PBSX family
contig_12_30	22500	22952	453	-1	0.344	11	AGGA/GGAG/GAGG	GENOMAD.101910.VV	9.383e-26	105	0	0	0	1	NA	NA	NA	PF08822;COG2826;TIGR00721	NA
contig_12_31	23019	23183	165	-1	0.339	11	GGAG/GAGG	NA	NA	NA	0	0	0	1	NA	NA	NA	NA	NA
contig_12_32	23176	23316	141	-1	0.355	11	GGAG/GAGG	NA	NA	NA	0	0	0	1	NA	NA	NA	NA	NA
contig_12_33	23370	23555	186	-1	0.312	11	GGA/GAG/AGG	NA	NA	NA	0	0	0	1	NA	NA	NA	NA	NA
contig_12_34	23569	23898	330	-1	0.348	11	GGA/GAG/AGG	NA	NA	NA	0	0	0	1	NA	NA	NA	NA	NA
contig_12_35	23910	24053	144	-1	0.319	11	AGGAG	NA	NA	NA	0	0	0	1	NA	NA	NA	NA	NA
contig_12_36	24064	25254	1191	-1	0.355	11	GGA/GAG/AGG	GENOMAD.094387.VP	8.654e-74	256	0	0	0	2561	Caudoviricetes	NA	NA	PF07750;PF14582;TIGR00024;K03269;COG2908	putative phosphoesterase, SbcD/Mre11-related
contig_12_37	26019	26477	459	-1	0.366	11	GGA/GAG/AGG	NA	NA	NA	0	0	0	1	NA	NA	NA	NA	NA
contig_12_38	26489	26728	240	-1	0.296	11	GGA/GAG/AGG	NA	NA	NA	0	0	0	1	NA	NA	NA	NA	NA
contig_12_39	26721	26870	150	-1	0.333	11	AGGAG	NA	NA	NA	0	0	0	1	NA	NA	NA	NA	NA
contig_12_40	26881	27270	390	-1	0.400	11	None	GENOMAD.109266.VV	6.968e-53	182	0	0	0	1	NA	NA	NA	NA	NA
contig_12_41	27286	27513	228	-1	0.329	11	GGA/GAG/AGG	NA	NA	NA	0	0	0	1	NA	NA	NA	NA	NA
contig_12_42	27514	27975	462	-1	0.392	11	None	GENOMAD.062657.VV	4.759e-26	106	0	0	1	2561	Caudoviricetes	NA	NA	PF04848;COG0817;TIGR00228;K01159	Holliday junction resolvasome RuvABC endonuclease subunit
contig_12_43	27972	28151	180	-1	0.317	11	AGGA/GGAG/GAGG	NA	NA	NA	0	0	0	1	NA	NA	NA	NA	NA
contig_12_44	28144	28482	339	-1	0.351	11	GGAG/GAGG	NA	NA	NA	0	0	0	1	NA	NA	NA	NA	NA
contig_12_45	28449	28601	153	-1	0.340	11	GGA/GAG/AGG	NA	NA	NA	0	0	0	1	NA	NA	NA	NA	NA
contig_12_46	28591	29190	600	-1	0.372	11	GGAG/GAGG	NA	NA	NA	0	0	0	1	NA	NA	NA	NA	NA
contig_12_47	29187	29459	273	-1	0.374	11	AGGAG	GENOMAD.124085.VV	1.51e-34	127	0	0	0	2561	Caudoviricetes	NA	NA	NA	NA
contig_12_48	29444	30373	930	-1	0.417	11	None	GENOMAD.136632.VV	2.134e-33	134	0	0	0	2561	Caudoviricetes	NA	NA	PF00145;TIGR00675;K00558;COG0270	DNA-methyltransferase (dcm)
contig_12_49	30376	31113	738	-1	0.381	11	GGA/GAG/AGG	NA	NA	NA	0	0	0	1	NA	NA	NA	NA	NA
contig_12_50	31125	31502	378	-1	0.405	11	GGAG/GAGG	GENOMAD.090397.VV	0.0009952	40	0	0	0	2561	Caudoviricetes	NA	NA	TIGR03736;COG1179	PRTRC system ThiF family protein
contig_12_51	31778	32125	348	-1	0.391	11	GGAG/GAGG	GENOMAD.086406.VV	4.401e-51	176	0	0	0	2561	Caudoviricetes	NA	NA	TIGR02646	NA
contig_12_52	32101	32529	429	-1	0.345	11	GGAG/GAGG	GENOMAD.076561.VP	6.254e-18	82	0	0	1	2561	Caudoviricetes	NA	NA	PF11753	Protein of unknwon function (DUF3310)
contig_12_53	32526	32921	396	-1	0.379	11	AGGAG	GENOMAD.028433.VV	4.536e-42	151	0	0	0	2561	Caudoviricetes	NA	NA	NA	NA
contig_12_54	32914	33123	210	-1	0.333	11	AGGAG	NA	NA	NA	0	0	0	1	NA	NA	NA	NA	NA
contig_12_55	33116	33316	201	-1	0.333	11	GGA/GAG/AGG	GENOMAD.127877.VV	2.634e-11	59	0	0	0	2561	Caudoviricetes	NA	NA	NA	NA
contig_12_56	33306	34583	1278	-1	0.359	11	AGGAG	GENOMAD.068048.VV	1.341e-14	79	0	0	1	2561	Caudoviricetes	NA	NA	PF20307;TIGR03600;K02314;COG0305	phage replicative helicase, DnaB family, HK022 subfamily
contig_12_57	34561	34839	279	-1	0.348	11	GGAG/GAGG	GENOMAD.053777.VV	6.823e-13	65	0	0	0	2561	Caudoviricetes	NA	NA	PF11417	Loader and inhibitor of phage G40P
contig_12_58	34840	35547	708	-1	0.340	11	AGxAGG/AGGxGG	GENOMAD.073986.VV	1.27e-30	123	0	0	0	2561	Caudoviricetes	NA	NA	PF14297	NA
contig_12_59	35588	35827	240	-1	0.379	11	None	NA	NA	NA	0	0	0	1	NA	NA	NA	NA	NA
contig_12_60	35999	36217	219	1	0.306	11	GGA/GAG/AGG	NA	NA	NA	0	0	0	1	NA	NA	NA	NA	NA
contig_12_61	36264	36461	198	1	0.364	11	AGGAG	GENOMAD.226013.VP	1.04e-05	43	0	0	0	2561	Caudoviricetes	NA	NA	PF17723;K07722;TIGR02793;COG0864	nickel-responsive transcriptional regulator NikR
contig_12_62	36451	36561	111	-1	0.369	11	GGA/GAG/AGG	NA	NA	NA	0	0	0	1	NA	NA	NA	NA	NA
contig_12_63	36558	37049	492	-1	0.350	11	AGGAG	NA	NA	NA	0	0	0	1	NA	NA	NA	NA	NA
contig_12_64	37067	37465	399	-1	0.326	11	None	NA	NA	NA	0	0	0	1	NA	NA	NA	NA	NA
contig_12_65	37404	37595	192	-1	0.307	11	GGAG/GAGG	NA	NA	NA	0	0	0	1	NA	NA	NA	NA	NA
contig_12_66	37592	37897	306	-1	0.366	11	AGGAG	NA	NA	NA	0	0	0	1	NA	NA	NA	NA	NA
contig_12_67	37890	38237	348	-1	0.348	11	AGGAG	GENOMAD.196823.VP	3.184e-05	44	0	0	0	2561	Caudoviricetes	NA	NA	K03552	NA
contig_12_68	38230	38628	399	-1	0.386	11	GGAG/GAGG	GENOMAD.223405.VP	7.011e-38	139	0	0	0	2561	Caudoviricetes	NA	NA	NA	NA
contig_12_69	38631	38954	324	-1	0.389	11	GGAG/GAGG	GENOMAD.109500.VV	1.874e-24	99	0	0	0	1	NA	NA	NA	PF18066	Phage ABA sandwich domain
contig_12_70	38957	39325	369	-1	0.352	11	AGGAG	GENOMAD.226404.VP	2.45e-36	134	0	0	0	1	NA	NA	NA	NA	NA
contig_12_71	39337	39522	186	-1	0.323	11	GGAG/GAGG	NA	NA	NA	0	0	0	1	NA	NA	NA	NA	NA
contig_12_72	39525	39746	222	-1	0.288	11	AGGAG	NA	NA	NA	0	0	0	1	NA	NA	NA	NA	NA
contig_12_73	39758	40036	279	-1	0.337	11	AGGAG	GENOMAD.086213.VV	7.146e-05	42	0	0	0	9913	Herelleviridae	NA	NA	NA	NA
contig_12_74	40033	40323	291	-1	0.361	11	AGGAG	NA	NA	NA	0	0	0	1	NA	NA	NA	NA	NA
contig_12_75	40427	41080	654	-1	0.387	11	AGGA/GGAG/GAGG	GENOMAD.192715.VP	9.576e-26	108	0	0	0	2561	Caudoviricetes	NA	NA	PF04404	ERF superfamily
contig_12_76	41077	41478	402	-1	0.346	11	GGAG/GAGG	NA	NA	NA	0	0	0	1	NA	NA	NA	NA	NA
contig_12_77	41445	41555	111	-1	0.387	11	AGGAG	NA	NA	NA	0	0	0	1	NA	NA	NA	NA	NA
contig_12_78	41568	41933	366	-1	0.391	11	GGAG/GAGG	NA	NA	NA	0	0	0	1	NA	NA	NA	NA	NA
contig_12_79	41905	42699	795	-1	0.347	11	GGA/GAG/AGG	GENOMAD.133073.VP	1.46e-43	162	0	0	0	2561	Caudoviricetes	NA	NA	PF03374;COG3645	Phage antirepressor protein YoqD, KilAC domain
contig_12_80	42735	42920	186	-1	0.317	11	AGGAG	NA	NA	NA	0	0	0	1	NA	NA	NA	NA	NA
contig_12_81	43021	43152	132	-1	0.318	11	None	NA	NA	NA	0	0	0	1	NA	NA	NA	NA	NA
contig_12_82	43158	43328	171	-1	0.327	11	GGA/GAG/AGG	NA	NA	NA	0	0	0	1	NA	NA	NA	NA	NA
contig_12_83	43521	43856	336	1	0.342	11	AGxAGG/AGGxGG	NA	NA	NA	0	0	0	1	NA	NA	NA	NA	NA
contig_12_84	43870	44205	336	1	0.351	11	GGA/GAG/AGG	NA	NA	NA	0	0	0	1	NA	NA	NA	NA	NA
contig_12_85	44341	44457	117	1	0.376	11	GGA/GAG/AGG	NA	NA	NA	0	0	0	1	NA	NA	NA	NA	NA
contig_4|provirus_506914_544733_503	506914	507141	228	-1	0.368	11	AGGAG	GENOMAD.223394.VP	5.698e-08	50	0	0	1	2561	Caudoviricetes	NA	NA	PF04688;TIGR01592	holin, SPP1 family
contig_4|provirus_506914_544733_504	507155	507409	255	-1	0.357	11	GGA/GAG/AGG	GENOMAD.105994.VV	1.91e-29	112	0	0	0	2561	Caudoviricetes	NA	NA	NA	NA
contig_4|provirus_506914_544733_505	507449	507580	132	-1	0.356	11	GGAG/GAGG	NA	NA	NA	0	0	0	1	NA	NA	NA	NA	NA
contig_4|provirus_506914_544733_506	507585	507869	285	-1	0.368	11	GGAG/GAGG	NA	NA	NA	0	0	0	1	NA	NA	NA	NA	NA
contig_4|provirus_506914_544733_507	507884	510523	2640	-1	0.371	11	GGA/GAG/AGG	GENOMAD.006687.VV	3.44e-33	142	0	0	1	2561	Caudoviricetes	NA	NA	PF14594;COG4926;TIGR01665	Siphovirus ReqiPepy6 Gp37-like protein
contig_4|provirus_506914_544733_508	510537	511505	969	-1	0.380	11	None	GENOMAD.007754.VV	1.176e-38	150	0	0	1	2561	Caudoviricetes	NA	NA	PF08931	Receptor-binding protein of phage tail base-plate Siphoviridae, head
contig_4|provirus_506914_544733_509	511533	512000	468	-1	0.256	11	None	NA	NA	NA	0	0	0	1	NA	NA	NA	NA	NA
contig_4|provirus_506914_544733_510	512035	512883	849	-1	0.365	11	GGAG/GAGG	GENOMAD.008827.VV	7.504e-62	216	0	0	0	2561	Caudoviricetes	NA	NA	PF20195;COG4722;TIGR01633	Phage-related protein
contig_4|provirus_506914_544733_511	512885	516211	3327	-1	0.399	11	None	GENOMAD.207179.VP	2.953e-107	379	0	0	1	2561	Caudoviricetes	NA	NA	PF05521;COG5283;TIGR01563	Phage-related tail protein
contig_4|provirus_506914_544733_512	516205	516417	213	-1	0.385	11	GGA/GAG/AGG	NA	NA	NA	0	0	0	1	NA	NA	NA	NA	NA
contig_4|provirus_506914_544733_513	516414	516737	324	-1	0.355	11	AGGAG	GENOMAD.063000.VV	5.441e-05	43	0	0	0	2561	Caudoviricetes	NA	NA	NA	NA
contig_4|provirus_506914_544733_514	516737	517333	597	-1	0.377	11	GGA/GAG/AGG	GENOMAD.013654.VV	1.631e-76	254	0	0	1	2561	Caudoviricetes	NA	NA	PF04630;TIGR01603	Phage tail tube protein
contig_4|provirus_506914_544733_515	517341	517685	345	-1	0.336	11	AGGA/GGAG/GAGG	GENOMAD.018077.VV	1.707e-28	111	0	0	0	2561	Caudoviricetes	NA	NA	PF05657	NA
contig_4|provirus_506914_544733_516	517682	518086	405	-1	0.388	11	GGA/GAG/AGG	GENOMAD.113700.VV	2.235e-67	224	0	0	1	1	NA	NA	NA	PF04883;COG5005;TIGR01725	Mu-like prophage protein gpG
contig_4|provirus_506914_544733_517	518086	518418	333	-1	0.369	11	AGGAGG	GENOMAD.023738.VV	1.031e-07	51	0	0	1	2561	Caudoviricetes	NA	NA	PF05521;COG5614;TIGR01563	Bacteriophage head-tail adaptor
contig_4|provirus_506914_544733_518	518415	518702	288	-1	0.375	11	GGAG/GAGG	GENOMAD.219886.VP	2.812e-15	72	0	0	1	2561	Caudoviricetes	NA	NA	PF05135;TIGR01560	Phage gp6-like head-tail connector protein
contig_4|provirus_506914_544733_519	518752	519315	564	-1	0.456	11	GGA/GAG/AGG	GENOMAD.171605.VV	5.425e-49	174	0	0	1	2561	Caudoviricetes	NA	NA	PF11133;COG5471	Head fiber protein
contig_4|provirus_506914_544733_520	519315	520619	1305	-1	0.398	11	GGA/GAG/AGG	GENOMAD.011641.VV	3.893e-69	244	0	0	1	2561	Caudoviricetes	NA	NA	PF05065;TIGR01554;COG4653	phage major capsid protein, HK97 family
contig_4|provirus_506914_544733_521	520632	521402	771	-1	0.383	11	AGGAG	GENOMAD.036670.VV	1.414e-25	109	0	0	0	2561	Caudoviricetes	NA	NA	TIGR00493;COG0740	ATP-dependent Clp endopeptidase, proteolytic subunit ClpP
contig_4|provirus_506914_544733_522	521386	522645	1260	-1	0.367	11	AGGAG	GENOMAD.179073.VP	1.316e-34	141	0	0	0	2561	Caudoviricetes	NA	NA	NA	NA
contig_4|provirus_506914_544733_523	522868	523080	213	-1	0.380	11	AGGAG	GENOMAD.132407.VP	2.393e-28	108	0	0	0	2561	Caudoviricetes	NA	NA	NA	NA
contig_4|provirus_506914_544733_524	523093	524790	1698	-1	0.368	11	None	GENOMAD.190944.VP	7.898e-54	203	0	0	1	2561	Caudoviricetes	NA	NA	PF03354;COG4626	Phage terminase-like protein, large subunit, contains N-terminal HTH domain
contig_4|provirus_506914_544733_525	524787	525272	486	-1	0.352	11	AGGAG	GENOMAD.018085.VV	5.537e-79	259	0	0	1	2561	Caudoviricetes	NA	NA	PF05119;COG3747;TIGR01558	Phage terminase, small subunit
contig_4|provirus_506914_544733_526	525363	525731	369	-1	0.423	11	GGA/GAG/AGG	GENOMAD.014283.VV	1.887e-14	71	0	0	0	2561	Caudoviricetes	NA	NA	NA	NA
contig_4|provirus_506914_544733_527	525731	526021	291	-1	0.347	11	GGAG/GAGG	GENOMAD.053664.VV	4.968e-10	57	0	0	0	2561	Caudoviricetes	NA	NA	PF09538;TIGR04165;COG4530;K13655	Cys-rich peptide, TIGR04165 family
contig_4|provirus_506914_544733_528	526033	526542	510	-1	0.371	11	AGGAG	GENOMAD.104342.VV	2.549e-08	55	0	0	0	2561	Caudoviricetes	NA	NA	NA	NA
contig_4|provirus_506914_544733_529	526666	527247	582	-1	0.359	11	AGGAG	GENOMAD.124711.VV	7.124e-18	84	0	0	0	1	NA	NA	NA	NA	NA
contig_4|provirus_506914_544733_530	527308	527628	321	-1	0.327	11	GGAG/GAGG	NA	NA	NA	0	0	0	1	NA	NA	NA	NA	NA
contig_4|provirus_506914_544733_531	527687	528022	336	-1	0.262	11	None	NA	NA	NA	0	0	0	1	NA	NA	NA	NA	NA
contig_4|provirus_506914_544733_532	528249	528773	525	-1	0.345	11	AGGAG	GENOMAD.161506.VV	1.779e-18	85	0	0	0	2561	Caudoviricetes	NA	NA	TIGR02844	NA
contig_4|provirus_506914_544733_533	528773	530137	1365	-1	0.422	11	GGA/GAG/AGG	GENOMAD.116250.VP	1.289e-52	196	0	0	0	2561	Caudoviricetes	NA	NA	PF00270;COG1111;TIGR04095;K17677	ERCC4-related helicase
contig_4|provirus_506914_544733_534	530137	530421	285	-1	0.407	11	GGAG/GAGG	GENOMAD.002242.VV	9.368e-26	102	0	0	0	2561	Caudoviricetes	NA	NA	PF01870;COG1591	Archaeal holliday junction resolvase (hjc)
contig_4|provirus_506914_544733_535	530758	533106	2349	-1	0.407	11	AGGAG	GENOMAD.147308.VP	2.66e-87	310	0	0	0	2561	Caudoviricetes	NA	NA	PF08800;COG5545	Predicted P-loop ATPase and inactivated derivatives
contig_4|provirus_506914_544733_536	533122	534627	1506	-1	0.383	11	GGAG/GAGG	GENOMAD.220954.VP	8.713e-55	204	0	0	0	2561	Caudoviricetes	NA	NA	PF07503;COG3357;TIGR01206	Predicted transcriptional regulator containing an HTH domain fused to a Zn-ribbon
contig_4|provirus_506914_544733_537	534633	534983	351	-1	0.368	11	AGGAG	GENOMAD.196602.VP	1.866e-36	134	0	0	0	2561	Caudoviricetes	NA	NA	PF14058	PcfK-like protein
contig_4|provirus_506914_544733_538	535005	535118	114	-1	0.351	11	AGGA	NA	NA	NA	0	0	0	1	NA	NA	NA	NA	NA
contig_4|provirus_506914_544733_539	535124	537076	1953	-1	0.428	11	GGAG/GAGG	GENOMAD.038590.VV	6.973e-143	469	0	0	0	2561	Caudoviricetes	NA	NA	PF00476;PF13482;K02334;COG0749;TIGR01388	DNA polymerase I - 3'-5' exonuclease and polymerase domains
contig_4|provirus_506914_544733_540	537133	537948	816	-1	0.382	11	GGAG/GAGG	GENOMAD.039702.VV	7.389e-46	169	0	0	0	2561	Caudoviricetes	NA	NA	PF10991	NA
contig_4|provirus_506914_544733_541	537951	538067	117	-1	0.444	11	GGAG/GAGG	GENOMAD.066852.VV	1.594e-10	55	0	0	0	2561	Caudoviricetes	NA	NA	PF09297;COG1996;TIGR01206	NA
contig_4|provirus_506914_544733_542	538067	539245	1179	-1	0.449	11	GGAG/GAGG	GENOMAD.049437.VV	9.505e-56	203	0	0	0	2561	Caudoviricetes	NA	NA	PF10926;COG2887;TIGR01896;K07465	RecB family exonuclease
contig_4|provirus_506914_544733_543	539242	539622	381	-1	0.417	11	AGGAG	GENOMAD.111785.VV	1.833e-16	77	0	0	0	2561	Caudoviricetes	NA	NA	NA	NA
contig_4|provirus_506914_544733_544	539670	539849	180	-1	0.367	11	GGA/GAG/AGG	NA	NA	NA	0	0	0	1	NA	NA	NA	NA	NA
contig_4|provirus_506914_544733_545	540000	540587	588	-1	0.325	11	GGAG/GAGG	GENOMAD.165700.VV	2.559e-23	100	0	0	0	9913	Herelleviridae	NA	NA	NA	NA
contig_4|provirus_506914_544733_546	540690	540950	261	-1	0.391	11	AGGAG	NA	NA	NA	0	0	0	1	NA	NA	NA	NA	NA
contig_4|provirus_506914_544733_547	541212	541445	234	-1	0.338	11	AGGA/GGAG/GAGG	NA	NA	NA	0	0	0	1	NA	NA	NA	NA	NA
contig_4|provirus_506914_544733_548	541402	541626	225	-1	0.347	11	GGA/GAG/AGG	GENOMAD.223282.PV	9.492e-32	118	0	0	0	1	NA	NA	NA	NA	NA
contig_4|provirus_506914_544733_549	541619	542350	732	-1	0.374	11	AGGAG	GENOMAD.048402.VV	1.017e-24	106	0	0	0	2561	Caudoviricetes	NA	NA	COG3645	Phage antirepressor protein YoqD, KilAC domain
contig_4|provirus_506914_544733_550	542347	542517	171	-1	0.374	11	AGGAG	GENOMAD.154442.VP	3.569e-18	78	0	0	0	2561	Caudoviricetes	NA	NA	NA	NA
contig_4|provirus_506914_544733_551	542584	542802	219	-1	0.352	11	GGA/GAG/AGG	GENOMAD.141392.VV	2.527e-21	88	0	0	0	2561	Caudoviricetes	NA	NA	PF08667;TIGR00673;COG3655;K22300	cyanase
contig_4|provirus_506914_544733_552	542997	543641	645	1	0.340	11	GGA/GAG/AGG	NA	NA	NA	0	0	0	1	NA	NA	NA	NA	NA
contig_4|provirus_506914_544733_553	543696	544733	1038	1	0.335	11	AGGAG	GENOMAD.006149.VV	2.596e-30	126	0	0	0	2561	Caudoviricetes	NA	NA	PF00589;TIGR02249;COG4974	integron integrase
contig_4|provirus_735616_777289_753	735616	736146	531	-1	0.395	11	GGA/GAG/AGG	GENOMAD.218254.VP	6.561e-06	48	0	0	0	2561	Caudoviricetes	NA	NA	PF13814	Replication-relaxation
contig_4|provirus_735616_777289_754	736088	736885	798	-1	0.386	11	GGA/GAG/AGG	NA	NA	NA	0	0	0	1	NA	NA	NA	NA	NA
contig_4|provirus_735616_777289_755	737156	737353	198	1	0.343	11	GGAG/GAGG	GENOMAD.196061.VP	9.169e-07	46	0	0	1	2561	Caudoviricetes	NA	NA	PF06892;COG3655;TIGR00673;K07727	DNA-binding transcriptional regulator, XRE family
contig_4|provirus_735616_777289_756	737383	737535	153	1	0.386	11	AGGAG	NA	NA	NA	0	0	0	1	NA	NA	NA	NA	NA
contig_4|provirus_735616_777289_757	737576	738520	945	-1	0.386	11	AGGA	NA	NA	NA	0	0	0	1	NA	NA	NA	NA	NA
contig_4|provirus_735616_777289_758	738520	738786	267	-1	0.330	11	AGGAG	GENOMAD.130508.VV	2.69e-20	86	0	0	1	2561	Caudoviricetes	NA	NA	PF04531;COG5546;TIGR01598	holin, phage phi LC3 family
contig_4|provirus_735616_777289_759	738789	739022	234	-1	0.376	11	None	GENOMAD.219823.VP	8.776e-12	61	0	0	0	2561	Caudoviricetes	NA	NA	PF10779	Haemolysin XhlA
contig_4|provirus_735616_777289_760	739058	739204	147	-1	0.395	11	GGA/GAG/AGG	NA	NA	NA	0	0	0	1	NA	NA	NA	NA	NA
contig_4|provirus_735616_777289_761	739257	739436	180	-1	0.322	11	GGA/GAG/AGG	GENOMAD.119829.VV	3.068e-07	47	0	0	0	2561	Caudoviricetes	NA	NA	NA	NA
contig_4|provirus_735616_777289_762	739436	741346	1911	-1	0.395	11	None	GENOMAD.084165.VV	1.673e-145	476	0	0	0	2561	Caudoviricetes	NA	NA	COG4926	Phage-related protein
contig_4|provirus_735616_777289_763	741436	742347	912	-1	0.277	11	GGA/GAG/AGG	NA	NA	NA	0	0	0	1	NA	NA	NA	NA	NA
contig_4|provirus_735616_777289_764	742404	744335	1932	-1	0.359	11	GGAG/GAGG	GENOMAD.063868.VV	1.856e-44	176	0	0	0	9913	Herelleviridae	NA	NA	NA	NA
contig_4|provirus_735616_777289_765	744355	745161	807	-1	0.330	11	GGA/GAG/AGG	GENOMAD.083013.VV	1.815e-11	67	0	0	0	2561	Caudoviricetes	NA	NA	PF20195;COG4722;TIGR01633	Phage-related protein
contig_4|provirus_735616_777289_766	745161	747596	2436	-1	0.387	11	GGAG/GAGG	GENOMAD.104182.VP	4.114e-44	177	0	0	0	2561	Caudoviricetes	NA	NA	NA	NA
contig_4|provirus_735616_777289_767	747941	748390	450	-1	0.387	11	AGGAG	GENOMAD.050144.VV	1.045e-49	174	0	0	1	2561	Caudoviricetes	NA	NA	PF12363	Phage tail assembly chaperone protein, TAC
contig_4|provirus_735616_777289_768	748436	748924	489	-1	0.407	11	AGGAG	GENOMAD.017956.VV	2.523e-71	237	0	0	1	2561	Caudoviricetes	NA	NA	PF06199;TIGR02126;COG5437	phage major tail protein, TP901-1 family
contig_4|provirus_735616_777289_769	748936	749259	324	-1	0.398	11	GGA/GAG/AGG	GENOMAD.034908.VV	1.671e-33	125	0	0	0	1	NA	NA	NA	NA	NA
contig_4|provirus_735616_777289_770	749270	749674	405	-1	0.351	11	None	GENOMAD.082817.VV	4.462e-27	108	0	0	1	2561	Caudoviricetes	NA	NA	PF11367	NA
contig_4|provirus_735616_777289_771	749680	750111	432	-1	0.382	11	GGA/GAG/AGG	GENOMAD.004969.VV	7.749e-42	151	0	0	0	2561	Caudoviricetes	NA	NA	NA	NA
contig_4|provirus_735616_777289_772	750108	750419	312	-1	0.381	11	AGGA	GENOMAD.059894.VV	5.722e-27	106	0	0	1	2561	Caudoviricetes	NA	NA	PF05521;COG5614;TIGR01563	Bacteriophage head-tail adaptor
contig_4|provirus_735616_777289_773	750419	750715	297	-1	0.337	11	GGA/GAG/AGG	GENOMAD.069683.VV	1.126e-25	102	0	0	0	2561	Caudoviricetes	NA	NA	PF11436;TIGR01560	Phage gp6-like head-tail connector protein
contig_4|provirus_735616_777289_774	750860	751684	825	-1	0.402	11	AGGAG	GENOMAD.110081.VP	6.667e-49	178	0	0	1	2561	Caudoviricetes	NA	NA	PF13252;TIGR04387;COG4653	major capsid protein, N4-gp56 family
contig_4|provirus_735616_777289_775	751698	752309	612	-1	0.335	11	AGGAG	GENOMAD.020216.VV	8.62e-42	154	0	0	0	2561	Caudoviricetes	NA	NA	PF14265	NA
contig_4|provirus_735616_777289_776	752392	752646	255	-1	0.337	11	AGGAG	NA	NA	NA	0	0	0	1	NA	NA	NA	NA	NA
contig_4|provirus_735616_777289_777	752687	752863	177	-1	0.266	11	GGA/GAG/AGG	NA	NA	NA	0	0	0	1	NA	NA	NA	NA	NA
contig_4|provirus_735616_777289_778	752876	753787	912	-1	0.384	11	GGA/GAG/AGG	GENOMAD.003493.VV	1.066e-105	344	0	0	1	2561	Caudoviricetes	NA	NA	PF06152;COG5585;TIGR01641	NAD+--asparagine ADP-ribosyltransferase
contig_4|provirus_735616_777289_779	753768	755210	1443	-1	0.371	11	GGA/GAG/AGG	GENOMAD.001599.VV	4.076e-64	231	0	0	1	2561	Caudoviricetes	NA	NA	PF05133;TIGR01538	Phage portal protein, SPP1 Gp6-like
contig_4|provirus_735616_777289_780	755224	756468	1245	-1	0.360	11	AGxAG	GENOMAD.056179.VV	6.61e-109	359	0	0	1	2561	Caudoviricetes	NA	NA	PF04466;TIGR01547;COG1783;K06909	phage terminase, large subunit, PBSX family
contig_4|provirus_735616_777289_781	756461	756913	453	-1	0.344	11	AGGA/GGAG/GAGG	GENOMAD.101910.VV	9.383e-26	105	0	0	0	1	NA	NA	NA	PF08822;COG2826;TIGR00721	NA
contig_4|provirus_735616_777289_782	756980	757144	165	-1	0.339	11	GGAG/GAGG	NA	NA	NA	0	0	0	1	NA	NA	NA	NA	NA
contig_4|provirus_735616_777289_783	757137	757277	141	-1	0.355	11	GGAG/GAGG	NA	NA	NA	0	0	0	1	NA	NA	NA	NA	NA
contig_4|provirus_735616_777289_784	757331	757516	186	-1	0.312	11	GGA/GAG/AGG	NA	NA	NA	0	0	0	1	NA	NA	NA	NA	NA
contig_4|provirus_735616_777289_785	757530	757859	330	-1	0.348	11	GGA/GAG/AGG	NA	NA	NA	0	0	0	1	NA	NA	NA	NA	NA
contig_4|provirus_735616_777289_786	757871	758014	144	-1	0.319	11	AGGAG	NA	NA	NA	0	0	0	1	NA	NA	NA	NA	NA
contig_4|provirus_735616_777289_787	758025	759215	1191	-1	0.355	11	GGA/GAG/AGG	GENOMAD.094387.VP	8.654e-74	256	0	0	0	2561	Caudoviricetes	NA	NA	PF07750;PF14582;TIGR00024;K03269;COG2908	putative phosphoesterase, SbcD/Mre11-related
contig_4|provirus_735616_777289_788	759980	760438	459	-1	0.366	11	GGA/GAG/AGG	NA	NA	NA	0	0	0	1	NA	NA	NA	NA	NA
contig_4|provirus_735616_777289_789	760450	760689	240	-1	0.296	11	GGA/GAG/AGG	NA	NA	NA	0	0	0	1	NA	NA	NA	NA	NA
contig_4|provirus_735616_777289_790	760682	760831	150	-1	0.333	11	AGGAG	NA	NA	NA	0	0	0	1	NA	NA	NA	NA	NA
contig_4|provirus_735616_777289_791	760842	761231	390	-1	0.400	11	None	GENOMAD.109266.VV	6.968e-53	182	0	0	0	1	NA	NA	NA	NA	NA
contig_4|provirus_735616_777289_792	761247	761474	228	-1	0.329	11	GGA/GAG/AGG	NA	NA	NA	0	0	0	1	NA	NA	NA	NA	NA
contig_4|provirus_735616_777289_793	761475	761936	462	-1	0.392	11	None	GENOMAD.062657.VV	4.759e-26	106	0	0	1	2561	Caudoviricetes	NA	NA	PF04848;COG0817;TIGR00228;K01159	Holliday junction resolvasome RuvABC endonuclease subunit
contig_4|provirus_735616_777289_794	761933	762112	180	-1	0.317	11	AGGA/GGAG/GAGG	NA	NA	NA	0	0	0	1	NA	NA	NA	NA	NA
contig_4|provirus_735616_777289_795	762105	762443	339	-1	0.351	11	GGAG/GAGG	NA	NA	NA	0	0	0	1	NA	NA	NA	NA	NA
contig_4|provirus_735616_777289_796	762410	762562	153	-1	0.340	11	GGA/GAG/AGG	NA	NA	NA	0	0	0	1	NA	NA	NA	NA	NA
contig_4|provirus_735616_777289_797	762552	763151	600	-1	0.372	11	GGAG/GAGG	NA	NA	NA	0	0	0	1	NA	NA	NA	NA	NA
contig_4|provirus_735616_777289_798	763148	763420	273	-1	0.374	11	AGGAG	GENOMAD.124085.VV	1.51e-34	127	0	0	0	2561	Caudoviricetes	NA	NA	NA	NA
contig_4|provirus_735616_777289_799	763405	764334	930	-1	0.417	11	None	GENOMAD.136632.VV	2.134e-33	134	0	0	0	2561	Caudoviricetes	NA	NA	PF00145;TIGR00675;K00558;COG0270	DNA-methyltransferase (dcm)
contig_4|provirus_735616_777289_800	764337	765074	738	-1	0.381	11	GGA/GAG/AGG	NA	NA	NA	0	0	0	1	NA	NA	NA	NA	NA
contig_4|provirus_735616_777289_801	765086	765463	378	-1	0.405	11	GGAG/GAGG	GENOMAD.090397.VV	0.0009952	40	0	0	0	2561	Caudoviricetes	NA	NA	TIGR03736;COG1179	PRTRC system ThiF family protein
contig_4|provirus_735616_777289_802	765739	766086	348	-1	0.391	11	GGAG/GAGG	GENOMAD.086406.VV	4.401e-51	176	0	0	0	2561	Caudoviricetes	NA	NA	TIGR02646	NA
contig_4|provirus_735616_777289_803	766062	766490	429	-1	0.345	11	GGAG/GAGG	GENOMAD.076561.VP	6.254e-18	82	0	0	1	2561	Caudoviricetes	NA	NA	PF11753	Protein of unknwon function (DUF3310)
contig_4|provirus_735616_777289_804	766487	766882	396	-1	0.379	11	AGGAG	GENOMAD.028433.VV	4.536e-42	151	0	0	0	2561	Caudoviricetes	NA	NA	NA	NA
contig_4|provirus_735616_777289_805	766875	767084	210	-1	0.333	11	AGGAG	NA	NA	NA	0	0	0	1	NA	NA	NA	NA	NA
contig_4|provirus_735616_777289_806	767077	767277	201	-1	0.333	11	GGA/GAG/AGG	GENOMAD.127877.VV	2.634e-11	59	0	0	0	2561	Caudoviricetes	NA	NA	NA	NA
contig_4|provirus_735616_777289_807	767267	768544	1278	-1	0.359	11	AGGAG	GENOMAD.068048.VV	1.341e-14	79	0	0	1	2561	Caudoviricetes	NA	NA	PF20307;TIGR03600;K02314;COG0305	phage replicative helicase, DnaB family, HK022 subfamily
contig_4|provirus_735616_777289_808	768522	768800	279	-1	0.348	11	GGAG/GAGG	GENOMAD.053777.VV	6.823e-13	65	0	0	0	2561	Caudoviricetes	NA	NA	PF11417	Loader and inhibitor of phage G40P
contig_4|provirus_735616_777289_809	768801	769508	708	-1	0.340	11	AGxAGG/AGGxGG	GENOMAD.073986.VV	1.27e-30	123	0	0	0	2561	Caudoviricetes	NA	NA	PF14297	NA
contig_4|provirus_735616_777289_810	769549	769788	240	-1	0.379	11	None	NA	NA	NA	0	0	0	1	NA	NA	NA	NA	NA
contig_4|provirus_735616_777289_811	769960	770178	219	1	0.306	11	GGA/GAG/AGG	NA	NA	NA	0	0	0	1	NA	NA	NA	NA	NA
contig_4|provirus_735616_777289_812	770225	770422	198	1	0.364	11	AGGAG	GENOMAD.226013.VP	1.04e-05	43	0	0	0	2561	Caudoviricetes	NA	NA	PF17723;K07722;TIGR02793;COG0864	nickel-responsive transcriptional regulator NikR
contig_4|provirus_735616_777289_813	770412	770522	111	-1	0.369	11	GGA/GAG/AGG	NA	NA	NA	0	0	0	1	NA	NA	NA	NA	NA
contig_4|provirus_735616_777289_814	770519	771010	492	-1	0.350	11	AGGAG	NA	NA	NA	0	0	0	1	NA	NA	NA	NA	NA
contig_4|provirus_735616_777289_815	771028	771426	399	-1	0.326	11	None	NA	NA	NA	0	0	0	1	NA	NA	NA	NA	NA
contig_4|provirus_735616_777289_816	771365	771556	192	-1	0.307	11	GGAG/GAGG	NA	NA	NA	0	0	0	1	NA	NA	NA	NA	NA
contig_4|provirus_735616_777289_817	771553	771858	306	-1	0.366	11	AGGAG	NA	NA	NA	0	0	0	1	NA	NA	NA	NA	NA
contig_4|provirus_735616_777289_818	771851	772198	348	-1	0.348	11	AGGAG	GENOMAD.196823.VP	3.184e-05	44	0	0	0	2561	Caudoviricetes	NA	NA	K03552	NA
contig_4|provirus_735616_777289_819	772191	772589	399	-1	0.386	11	GGAG/GAGG	GENOMAD.223405.VP	7.011e-38	139	0	0	0	2561	Caudoviricetes	NA	NA	NA	NA
contig_4|provirus_735616_777289_820	772592	772915	324	-1	0.389	11	GGAG/GAGG	GENOMAD.109500.VV	1.874e-24	99	0	0	0	1	NA	NA	NA	PF18066	Phage ABA sandwich domain
contig_4|provirus_735616_777289_821	772918	773286	369	-1	0.352	11	AGGAG	GENOMAD.226404.VP	2.45e-36	134	0	0	0	1	NA	NA	NA	NA	NA
contig_4|provirus_735616_777289_822	773298	773483	186	-1	0.323	11	GGAG/GAGG	NA	NA	NA	0	0	0	1	NA	NA	NA	NA	NA
contig_4|provirus_735616_777289_823	773486	773707	222	-1	0.288	11	AGGAG	NA	NA	NA	0	0	0	1	NA	NA	NA	NA	NA
contig_4|provirus_735616_777289_824	773719	773997	279	-1	0.337	11	AGGAG	GENOMAD.086213.VV	7.146e-05	42	0	0	0	9913	Herelleviridae	NA	NA	NA	NA
contig_4|provirus_735616_777289_825	773994	774284	291	-1	0.361	11	AGGAG	NA	NA	NA	0	0	0	1	NA	NA	NA	NA	NA
contig_4|provirus_735616_777289_826	774388	775041	654	-1	0.387	11	AGGA/GGAG/GAGG	GENOMAD.192715.VP	9.576e-26	108	0	0	0	2561	Caudoviricetes	NA	NA	PF04404	ERF superfamily
contig_4|provirus_735616_777289_827	775038	775439	402	-1	0.346	11	GGAG/GAGG	NA	NA	NA	0	0	0	1	NA	NA	NA	NA	NA
contig_4|provirus_735616_777289_828	775406	775516	111	-1	0.387	11	AGGAG	NA	NA	NA	0	0	0	1	NA	NA	NA	NA	NA
contig_4|provirus_735616_777289_829	775529	775894	366	-1	0.391	11	GGAG/GAGG	NA	NA	NA	0	0	0	1	NA	NA	NA	NA	NA
contig_4|provirus_735616_777289_830	775866	776660	795	-1	0.347	11	GGA/GAG/AGG	GENOMAD.133073.VP	1.46e-43	162	0	0	0	2561	Caudoviricetes	NA	NA	PF03374;COG3645	Phage antirepressor protein YoqD, KilAC domain
contig_4|provirus_735616_777289_831	776696	776881	186	-1	0.317	11	AGGAG	NA	NA	NA	0	0	0	1	NA	NA	NA	NA	NA
contig_4|provirus_735616_777289_832	776982	777113	132	-1	0.318	11	None	NA	NA	NA	0	0	0	1	NA	NA	NA	NA	NA
contig_4|provirus_735616_777289_833	777119	777289	171	-1	0.327	11	GGA/GAG/AGG	NA	NA	NA	0	0	0	1	NA	NA	NA	NA	NA
contig_4|provirus_890218_930103_948	890218	890349	132	-1	0.364	11	GGAG/GAGG	NA	NA	NA	0	0	0	1	NA	NA	NA	NA	NA
contig_4|provirus_890218_930103_949	890350	890637	288	-1	0.351	11	GGAG/GAGG	NA	NA	NA	0	0	0	1	NA	NA	NA	NA	NA
contig_4|provirus_890218_930103_950	890652	893288	2637	-1	0.374	11	GGA/GAG/AGG	GENOMAD.006687.VV	2.46e-35	149	0	0	1	2561	Caudoviricetes	NA	NA	PF14594;COG4926;TIGR01665	Siphovirus ReqiPepy6 Gp37-like protein
contig_4|provirus_890218_930103_951	893302	894270	969	-1	0.377	11	None	GENOMAD.007754.VV	5.385e-39	151	0	0	1	2561	Caudoviricetes	NA	NA	PF08931	Receptor-binding protein of phage tail base-plate Siphoviridae, head
contig_4|provirus_890218_930103_952	894298	894765	468	-1	0.276	11	None	NA	NA	NA	0	0	0	1	NA	NA	NA	NA	NA
contig_4|provirus_890218_930103_953	894800	895648	849	-1	0.366	11	GGAG/GAGG	GENOMAD.008827.VV	5.366e-56	199	0	0	0	2561	Caudoviricetes	NA	NA	PF20195;COG4722;TIGR01633	Phage-related protein
contig_4|provirus_890218_930103_954	895653	899363	3711	-1	0.378	11	GGA/GAG/AGG	GENOMAD.181727.VP	2.679e-49	196	0	0	1	2561	Caudoviricetes	NA	NA	COG5280	Phage-related minor tail protein
contig_4|provirus_890218_930103_955	899392	899556	165	-1	0.352	11	GGA/GAG/AGG	GENOMAD.188741.VV	7.369e-25	97	0	0	0	2561	Caudoviricetes	NA	NA	NA	NA
contig_4|provirus_890218_930103_956	899553	899891	339	-1	0.357	11	GGAG/GAGG	GENOMAD.075482.VV	1.276e-30	117	0	0	0	2561	Caudoviricetes	NA	NA	NA	NA
contig_4|provirus_890218_930103_957	900037	900609	573	-1	0.353	11	AGGAG	GENOMAD.003250.VV	1.354e-39	147	0	0	1	2561	Caudoviricetes	NA	NA	PF04630;TIGR01603	phage major tail protein, phi13 family
contig_4|provirus_890218_930103_958	900656	901045	390	-1	0.338	11	AGGAG	GENOMAD.120845.VV	1.944e-66	221	0	0	0	2561	Caudoviricetes	NA	NA	PF05657	NA
contig_4|provirus_890218_930103_959	901042	901425	384	-1	0.388	11	GGAG/GAGG	GENOMAD.088452.VV	2.491e-13	68	0	0	1	2561	Caudoviricetes	NA	NA	COG5005;TIGR01725	Mu-like prophage protein gpG
contig_4|provirus_890218_930103_960	901418	901750	333	-1	0.372	11	GGA/GAG/AGG	GENOMAD.092387.VV	7.893e-19	83	0	0	1	2561	Caudoviricetes	NA	NA	PF05521;COG5614;TIGR01563	Bacteriophage head-tail adaptor
contig_4|provirus_890218_930103_961	901728	902024	297	-1	0.360	11	GGA/GAG/AGG	GENOMAD.037219.VV	9.438e-20	85	0	0	1	2561	Caudoviricetes	NA	NA	PF05135;TIGR01560	Phage gp6-like head-tail connector protein
contig_4|provirus_890218_930103_962	902024	902716	693	-1	0.417	11	AGGAG	GENOMAD.041319.VV	9.035e-10	61	0	0	0	2561	Caudoviricetes	NA	NA	NA	NA
contig_4|provirus_890218_930103_963	902818	904014	1197	-1	0.366	11	AGGAG	GENOMAD.075313.VV	1.067e-104	346	0	0	1	2561	Caudoviricetes	NA	NA	PF05065;TIGR01554;COG4653	phage major capsid protein, HK97 family
contig_4|provirus_890218_930103_964	904011	904739	729	-1	0.359	11	GGA/GAG/AGG	GENOMAD.158277.VP	3.302e-31	125	0	0	0	2561	Caudoviricetes	NA	NA	PF00574;PF19602;K01358;TIGR00493;COG3904	ATP-dependent Clp endopeptidase, proteolytic subunit ClpP
contig_4|provirus_890218_930103_965	904810	905061	252	-1	0.325	11	AGxAGG/AGGxGG	GENOMAD.208516.VP	3.601e-08	51	0	0	0	9913	Herelleviridae	NA	NA	NA	NA
contig_4|provirus_890218_930103_966	905054	906283	1230	-1	0.363	11	None	GENOMAD.013927.VV	1.961e-91	308	0	0	0	2561	Caudoviricetes	NA	NA	NA	NA
contig_4|provirus_890218_930103_967	906285	908075	1791	-1	0.387	11	AGxAGG/AGGxGG	GENOMAD.035019.VV	4.102e-145	473	0	0	1	2561	Caudoviricetes	NA	NA	PF03354;COG4626;TIGR01547	Phage terminase-like protein, large subunit, contains N-terminal HTH domain
contig_4|provirus_890218_930103_968	908059	908511	453	-1	0.397	11	AGGAGG	GENOMAD.018085.VV	2.166e-15	75	0	0	1	2561	Caudoviricetes	NA	NA	PF05119;COG3747;TIGR01558	Phage terminase, small subunit
contig_4|provirus_890218_930103_969	908650	908973	324	-1	0.377	11	GGA/GAG/AGG	GENOMAD.114711.VP	1.896e-16	76	0	0	0	2561	Caudoviricetes	NA	NA	NA	NA
contig_4|provirus_890218_930103_970	908979	909368	390	-1	0.349	11	AGGAGG	GENOMAD.104342.VV	1.677e-09	57	0	0	0	2561	Caudoviricetes	NA	NA	NA	NA
contig_4|provirus_890218_930103_971	909411	909725	315	-1	0.333	11	GGAG/GAGG	GENOMAD.053664.VV	5.322e-36	132	0	0	0	2561	Caudoviricetes	NA	NA	PF09538;TIGR04165;COG4530;K13655	Cys-rich peptide, TIGR04165 family
contig_4|provirus_890218_930103_972	909730	910245	516	-1	0.331	11	GGAG/GAGG	NA	NA	NA	0	0	0	1	NA	NA	NA	NA	NA
contig_4|provirus_890218_930103_973	910359	911870	1512	-1	0.339	11	AGGAG	GENOMAD.215321.VV	2.428e-15	82	0	0	0	2561	Caudoviricetes	NA	NA	NA	NA
contig_4|provirus_890218_930103_974	912029	912715	687	-1	0.325	11	GGAG/GAGG	NA	NA	NA	0	0	0	1	NA	NA	NA	NA	NA
contig_4|provirus_890218_930103_975	913375	913971	597	1	0.350	11	GGA/GAG/AGG	GENOMAD.220203.PV	4.712e-12	67	0	0	0	1	NA	NA	NA	NA	NA
contig_4|provirus_890218_930103_976	914139	914576	438	-1	0.363	11	AGGAG	GENOMAD.219224.VP	6.736e-36	134	0	0	0	2561	Caudoviricetes	NA	NA	PF05263;TIGR01636	phage transcriptional activator, RinA family
contig_4|provirus_890218_930103_977	914576	915940	1365	-1	0.408	11	GGAG/GAGG	GENOMAD.116250.VP	1.261e-53	199	0	0	0	2561	Caudoviricetes	NA	NA	PF00270;COG1111;TIGR04095;K17677	ERCC4-related helicase
contig_4|provirus_890218_930103_978	915940	916224	285	-1	0.400	11	GGA/GAG/AGG	GENOMAD.002242.VV	2.578e-23	95	0	0	0	2561	Caudoviricetes	NA	NA	PF01870;COG1591	Archaeal holliday junction resolvase (hjc)
contig_4|provirus_890218_930103_979	916512	918857	2346	-1	0.411	11	AGGAG	GENOMAD.147308.VP	1.214e-91	323	0	0	0	2561	Caudoviricetes	NA	NA	PF08800;COG5545	Predicted P-loop ATPase and inactivated derivatives
contig_4|provirus_890218_930103_980	918873	920384	1512	-1	0.384	11	GGAG/GAGG	GENOMAD.220954.VP	4.307e-50	190	0	0	0	2561	Caudoviricetes	NA	NA	PF07503;COG3357;TIGR01206	Predicted transcriptional regulator containing an HTH domain fused to a Zn-ribbon
contig_4|provirus_890218_930103_981	920389	920739	351	-1	0.382	11	AGGAG	GENOMAD.196602.VP	1.866e-36	134	0	0	0	2561	Caudoviricetes	NA	NA	PF14058	PcfK-like protein
contig_4|provirus_890218_930103_982	920761	920874	114	-1	0.351	11	AGGA	NA	NA	NA	0	0	0	1	NA	NA	NA	NA	NA
contig_4|provirus_890218_930103_983	920880	922832	1953	-1	0.422	11	GGAG/GAGG	GENOMAD.038590.VV	3.38e-142	467	0	0	0	2561	Caudoviricetes	NA	NA	PF00476;PF13482;K02334;COG0749;TIGR01388	DNA polymerase I - 3'-5' exonuclease and polymerase domains
contig_4|provirus_890218_930103_984	922889	923704	816	-1	0.388	11	GGAG/GAGG	GENOMAD.039702.VV	1.629e-45	168	0	0	0	2561	Caudoviricetes	NA	NA	PF10991	NA
contig_4|provirus_890218_930103_985	923707	923823	117	-1	0.444	11	GGAG/GAGG	GENOMAD.066852.VV	1.594e-10	55	0	0	0	2561	Caudoviricetes	NA	NA	PF09297;COG1996;TIGR01206	NA
contig_4|provirus_890218_930103_986	923823	925001	1179	-1	0.448	11	GGAG/GAGG	GENOMAD.049437.VV	4.549e-55	201	0	0	0	2561	Caudoviricetes	NA	NA	PF10926;COG2887;TIGR01896;K07465	RecB family exonuclease
contig_4|provirus_890218_930103_987	924998	925378	381	-1	0.417	11	AGGAG	GENOMAD.111785.VV	1.833e-16	77	0	0	0	2561	Caudoviricetes	NA	NA	NA	NA
contig_4|provirus_890218_930103_988	925426	925605	180	-1	0.367	11	GGA/GAG/AGG	NA	NA	NA	0	0	0	1	NA	NA	NA	NA	NA
contig_4|provirus_890218_930103_989	925756	926343	588	-1	0.325	11	GGAG/GAGG	GENOMAD.165700.VV	2.559e-23	100	0	0	0	9913	Herelleviridae	NA	NA	NA	NA
contig_4|provirus_890218_930103_990	926446	926706	261	-1	0.391	11	AGGAG	NA	NA	NA	0	0	0	1	NA	NA	NA	NA	NA
contig_4|provirus_890218_930103_991	926968	927201	234	-1	0.338	11	AGGA/GGAG/GAGG	NA	NA	NA	0	0	0	1	NA	NA	NA	NA	NA
contig_4|provirus_890218_930103_992	927158	927382	225	-1	0.360	11	GGA/GAG/AGG	GENOMAD.223282.PV	9.492e-32	118	0	0	0	1	NA	NA	NA	NA	NA
contig_4|provirus_890218_930103_993	927375	927569	195	-1	0.318	11	AGGAG	GENOMAD.153273.VV	5.363e-11	58	0	0	0	1	NA	NA	NA	PF07618;COG3311;TIGR01529	Predicted DNA-binding transcriptional regulator AlpA
contig_4|provirus_890218_930103_994	927587	927805	219	-1	0.315	11	GGA/GAG/AGG	GENOMAD.215607.VP	4.982e-08	50	0	0	0	2561	Caudoviricetes	NA	NA	PF18010;TIGR02612;COG1974;K22300	mobile mystery protein A
contig_4|provirus_890218_930103_995	927973	928380	408	1	0.336	11	None	NA	NA	NA	0	0	0	1	NA	NA	NA	NA	NA
contig_4|provirus_890218_930103_996	928327	928497	171	-1	0.292	11	None	NA	NA	NA	0	0	0	1	NA	NA	NA	NA	NA
contig_4|provirus_890218_930103_997	928515	928739	225	1	0.364	11	GGA/GAG/AGG	GENOMAD.225845.VP	3.834e-11	59	0	0	0	1	NA	NA	NA	PF08535;TIGR00673;COG3655;K07727	cyanase
contig_4|provirus_890218_930103_998	928934	930103	1170	1	0.351	11	GGAG/GAGG	NA	NA	NA	0	0	0	1	NA	NA	NA	NA	NA
contig_4|provirus_1208625_1251666_1260	1208625	1209296	672	-1	0.307	11	GGAG/GAGG	NA	NA	NA	0	0	0	1	NA	NA	NA	NA	NA
contig_4|provirus_1208625_1251666_1261	1209376	1209651	276	-1	0.348	11	GGAG/GAGG	NA	NA	NA	0	0	0	1	NA	NA	NA	NA	NA
contig_4|provirus_1208625_1251666_1262	1209849	1210061	213	-1	0.324	11	GGA/GAG/AGG	NA	NA	NA	0	0	0	1	NA	NA	NA	NA	NA
contig_4|provirus_1208625_1251666_1263	1210510	1210710	201	1	0.333	11	GGA/GAG/AGG	GENOMAD.213642.VP	1.045e-12	63	0	0	0	2561	Caudoviricetes	NA	NA	K07727	NA
contig_4|provirus_1208625_1251666_1264	1210733	1211287	555	-1	0.310	11	AGGA	NA	NA	NA	0	0	0	1	NA	NA	NA	NA	NA
contig_4|provirus_1208625_1251666_1265	1211269	1211460	192	-1	0.339	11	AGGAG	NA	NA	NA	0	0	0	1	NA	NA	NA	NA	NA
contig_4|provirus_1208625_1251666_1266	1211677	1212588	912	-1	0.370	11	GGA/GAG/AGG	GENOMAD.215381.PC	1.487e-12	71	0	0	0	1	NA	NA	NA	NA	NA
contig_4|provirus_1208625_1251666_1267	1212590	1212817	228	-1	0.351	11	AGGAG	GENOMAD.223394.VP	1.277e-07	49	0	0	1	2561	Caudoviricetes	NA	NA	PF04688;TIGR01592	holin, SPP1 family
contig_4|provirus_1208625_1251666_1268	1212820	1213011	192	-1	0.307	11	GGA/GAG/AGG	GENOMAD.213552.VP	1.135e-17	77	0	0	0	1	NA	NA	NA	PF10779	Haemolysin XhlA
contig_4|provirus_1208625_1251666_1269	1213048	1213230	183	-1	0.344	11	GGAG/GAGG	NA	NA	NA	0	0	0	1	NA	NA	NA	NA	NA
contig_4|provirus_1208625_1251666_1270	1213264	1213656	393	-1	0.310	11	GGAG/GAGG	GENOMAD.214798.VV	1.364e-12	66	0	0	0	1	NA	NA	NA	NA	NA
contig_4|provirus_1208625_1251666_1271	1213672	1215900	2229	-1	0.380	11	AGGAG	GENOMAD.090953.VP	2.136e-76	276	0	0	0	2561	Caudoviricetes	NA	NA	COG4926	Phage-related protein
contig_4|provirus_1208625_1251666_1272	1215919	1217604	1686	-1	0.377	11	AGGAG	GENOMAD.092731.VV	1.013e-21	103	0	0	0	2561	Caudoviricetes	NA	NA	NA	NA
contig_4|provirus_1208625_1251666_1273	1217616	1218455	840	-1	0.324	11	GGA/GAG/AGG	GENOMAD.211932.VP	5.744e-42	158	0	0	0	2561	Caudoviricetes	NA	NA	PF05709;COG4722;TIGR01633	Phage-related protein
contig_4|provirus_1208625_1251666_1274	1218467	1222387	3921	-1	0.375	11	GGAG/GAGG	GENOMAD.181727.VP	2.777e-52	206	0	0	1	2561	Caudoviricetes	NA	NA	COG5280	Phage-related minor tail protein
contig_4|provirus_1208625_1251666_1275	1222621	1222953	333	-1	0.339	11	AGGAG	GENOMAD.101422.VV	1.735e-10	59	0	0	0	2561	Caudoviricetes	NA	NA	NA	NA
contig_4|provirus_1208625_1251666_1276	1222992	1223999	1008	-1	0.362	11	None	GENOMAD.113395.VV	9.445e-150	473	0	0	0	2561	Caudoviricetes	NA	NA	NA	NA
contig_4|provirus_1208625_1251666_1277	1224003	1224620	618	-1	0.395	11	AGGAG	GENOMAD.105995.VV	3.27e-45	164	0	0	1	2561	Caudoviricetes	NA	NA	PF06488;TIGR01603	phage major tail protein, phi13 family
contig_4|provirus_1208625_1251666_1278	1224620	1225021	402	-1	0.376	11	GGAG/GAGG	GENOMAD.071924.VV	2.762e-48	169	0	0	0	1	NA	NA	NA	PF05657	NA
contig_4|provirus_1208625_1251666_1279	1225018	1225413	396	-1	0.439	11	GGAG/GAGG	GENOMAD.145246.VP	2.947e-30	117	0	0	1	2561	Caudoviricetes	NA	NA	PF11114;TIGR01725;COG5005	phage protein, HK97 gp10 family
contig_4|provirus_1208625_1251666_1280	1225410	1225748	339	-1	0.354	11	GGA/GAG/AGG	GENOMAD.112961.VV	4.157e-10	58	0	0	1	2561	Caudoviricetes	NA	NA	PF05521;COG5614;TIGR01563	Bacteriophage head-tail adaptor
contig_4|provirus_1208625_1251666_1281	1225741	1226058	318	-1	0.336	11	GGAG/GAGG	GENOMAD.137423.VP	7.061e-18	80	0	0	1	2561	Caudoviricetes	NA	NA	PF05135;TIGR01560	Phage gp6-like head-tail connector protein
contig_4|provirus_1208625_1251666_1282	1226079	1227374	1296	-1	0.388	11	AGGAG	GENOMAD.116539.VV	7.535e-50	187	0	0	1	2561	Caudoviricetes	NA	NA	PF04586;PF05065;K06904;COG3740;TIGR01543	Phage head maturation protease
contig_4|provirus_1208625_1251666_1283	1227386	1227973	588	-1	0.398	11	AGGAG	GENOMAD.126260.VV	3.975e-38	143	0	0	1	2561	Caudoviricetes	NA	NA	PF04586;COG3740;K06904;TIGR01543	Phage head maturation protease
contig_4|provirus_1208625_1251666_1284	1227951	1229186	1236	-1	0.368	11	GGAG/GAGG	GENOMAD.008326.VV	1.079e-32	135	0	0	1	2561	Caudoviricetes	NA	NA	PF04860;TIGR01537;COG4695	phage portal protein, HK97 family
contig_4|provirus_1208625_1251666_1285	1229191	1229388	198	-1	0.348	11	GGAG/GAGG	NA	NA	NA	0	0	0	1	NA	NA	NA	NA	NA
contig_4|provirus_1208625_1251666_1286	1229393	1229623	231	-1	0.338	11	None	NA	NA	NA	0	0	0	1	NA	NA	NA	NA	NA
contig_4|provirus_1208625_1251666_1287	1229607	1231334	1728	-1	0.352	11	AGGAG	GENOMAD.111515.VP	1.977e-72	259	0	0	1	2561	Caudoviricetes	NA	NA	PF20441;COG4626	Phage terminase-like protein, large subunit, contains N-terminal HTH domain
contig_4|provirus_1208625_1251666_1288	1231331	1231582	252	-1	0.353	11	GGA/GAG/AGG	NA	NA	NA	0	0	0	1	NA	NA	NA	NA	NA
contig_4|provirus_1208625_1251666_1289	1231589	1232086	498	-1	0.384	11	AGxAGG/AGGxGG	GENOMAD.111515.VP	3.115e-17	81	0	0	1	2561	Caudoviricetes	NA	NA	PF20441;COG4626	Phage terminase-like protein, large subunit, contains N-terminal HTH domain
contig_4|provirus_1208625_1251666_1290	1232222	1232587	366	-1	0.342	11	GGAG/GAGG	GENOMAD.125767.VP	3.678e-15	73	0	0	0	2561	Caudoviricetes	NA	NA	TIGR02646	TIGR02646 family protein
contig_4|provirus_1208625_1251666_1291	1232640	1233026	387	-1	0.302	11	GGAG/GAGG	NA	NA	NA	0	0	0	1	NA	NA	NA	NA	NA
contig_4|provirus_1208625_1251666_1292	1233276	1233800	525	-1	0.341	11	AGGAG	GENOMAD.161506.VV	1.779e-18	85	0	0	0	2561	Caudoviricetes	NA	NA	TIGR02844	NA
contig_4|provirus_1208625_1251666_1293	1233800	1233958	159	-1	0.321	11	None	NA	NA	NA	0	0	0	1	NA	NA	NA	NA	NA
contig_4|provirus_1208625_1251666_1294	1233983	1234075	93	-1	0.247	11	AGGAG	NA	NA	NA	0	0	0	1	NA	NA	NA	NA	NA
contig_4|provirus_1208625_1251666_1295	1234075	1234422	348	-1	0.379	11	AGGAG	NA	NA	NA	0	0	0	1	NA	NA	NA	NA	NA
contig_4|provirus_1208625_1251666_1296	1234425	1235786	1362	-1	0.413	11	GGAG/GAGG	GENOMAD.116250.VP	2.666e-53	198	0	0	0	2561	Caudoviricetes	NA	NA	PF00270;COG1111;TIGR04095;K17677	ERCC4-related helicase
contig_4|provirus_1208625_1251666_1297	1235786	1236070	285	-1	0.411	11	GGAG/GAGG	GENOMAD.002242.VV	5.752e-23	94	0	0	0	2561	Caudoviricetes	NA	NA	PF01870;COG1591	Archaeal holliday junction resolvase (hjc)
contig_4|provirus_1208625_1251666_1298	1236348	1238675	2328	-1	0.413	11	AGGAG	GENOMAD.147308.VP	1.057e-90	320	0	0	0	2561	Caudoviricetes	NA	NA	PF08800;COG5545	Predicted P-loop ATPase and inactivated derivatives
contig_4|provirus_1208625_1251666_1299	1238691	1240202	1512	-1	0.388	11	GGAG/GAGG	GENOMAD.220954.VP	1.999e-52	197	0	0	0	2561	Caudoviricetes	NA	NA	PF07503;COG3357;TIGR01206	Predicted transcriptional regulator containing an HTH domain fused to a Zn-ribbon
contig_4|provirus_1208625_1251666_1300	1240207	1240557	351	-1	0.373	11	AGGAG	GENOMAD.196602.VP	8.379e-37	135	0	0	0	2561	Caudoviricetes	NA	NA	PF14058	PcfK-like protein
contig_4|provirus_1208625_1251666_1301	1240575	1240772	198	-1	0.419	11	AGGAG	GENOMAD.215559.VP	3.955e-14	67	0	0	0	1	NA	NA	NA	NA	NA
contig_4|provirus_1208625_1251666_1302	1240789	1240902	114	-1	0.368	11	AGGA	NA	NA	NA	0	0	0	1	NA	NA	NA	NA	NA
contig_4|provirus_1208625_1251666_1303	1240908	1242860	1953	-1	0.421	11	GGAG/GAGG	GENOMAD.038590.VV	3.167e-143	470	0	0	0	2561	Caudoviricetes	NA	NA	PF00476;PF13482;K02334;COG0749;TIGR01388	DNA polymerase I - 3'-5' exonuclease and polymerase domains
contig_4|provirus_1208625_1251666_1304	1242917	1243732	816	-1	0.387	11	GGAG/GAGG	GENOMAD.039702.VV	7.389e-46	169	0	0	0	2561	Caudoviricetes	NA	NA	PF10991	NA
contig_4|provirus_1208625_1251666_1305	1243735	1243851	117	-1	0.444	11	GGAG/GAGG	GENOMAD.066852.VV	1.594e-10	55	0	0	0	2561	Caudoviricetes	NA	NA	PF09297;COG1996;TIGR01206	NA
contig_4|provirus_1208625_1251666_1306	1243851	1245029	1179	-1	0.442	11	GGAG/GAGG	GENOMAD.049437.VV	2.176e-54	199	0	0	0	2561	Caudoviricetes	NA	NA	PF10926;COG2887;TIGR01896;K07465	RecB family exonuclease
contig_4|provirus_1208625_1251666_1307	1245026	1245406	381	-1	0.417	11	AGGAG	GENOMAD.111785.VV	1.833e-16	77	0	0	0	2561	Caudoviricetes	NA	NA	NA	NA
contig_4|provirus_1208625_1251666_1308	1245454	1245633	180	-1	0.350	11	GGAG/GAGG	NA	NA	NA	0	0	0	1	NA	NA	NA	NA	NA
contig_4|provirus_1208625_1251666_1309	1245733	1246005	273	-1	0.363	11	AGGAG	NA	NA	NA	0	0	0	1	NA	NA	NA	NA	NA
contig_4|provirus_1208625_1251666_1310	1246020	1246607	588	-1	0.320	11	GGAG/GAGG	GENOMAD.165700.VV	5.274e-24	102	0	0	0	9913	Herelleviridae	NA	NA	NA	NA
contig_4|provirus_1208625_1251666_1311	1246710	1246970	261	-1	0.372	11	AGGAG	NA	NA	NA	0	0	0	1	NA	NA	NA	NA	NA
contig_4|provirus_1208625_1251666_1312	1247032	1247412	381	1	0.323	11	GGAG/GAGG	NA	NA	NA	0	0	0	1	NA	NA	NA	NA	NA
contig_4|provirus_1208625_1251666_1313	1247404	1247625	222	-1	0.338	11	AGGA/GGAG/GAGG	NA	NA	NA	0	0	0	1	NA	NA	NA	NA	NA
contig_4|provirus_1208625_1251666_1314	1247582	1247806	225	-1	0.347	11	GGA/GAG/AGG	GENOMAD.223282.PV	4.728e-31	116	0	0	0	1	NA	NA	NA	NA	NA
contig_4|provirus_1208625_1251666_1315	1247799	1248008	210	-1	0.348	11	AGGAG	GENOMAD.159187.VV	6.051e-12	61	0	0	0	2561	Caudoviricetes	NA	NA	PF14205;TIGR02098;COG1996	MJ0042 family finger-like domain
contig_4|provirus_1208625_1251666_1316	1248009	1248746	738	-1	0.369	11	GGA/GAG/AGG	GENOMAD.048402.VV	2.447e-23	102	0	0	0	2561	Caudoviricetes	NA	NA	COG3645	Phage antirepressor protein YoqD, KilAC domain
contig_4|provirus_1208625_1251666_1317	1248760	1249032	273	-1	0.322	11	AGGAG	GENOMAD.224496.VP	1.676e-33	124	0	0	0	2561	Caudoviricetes	NA	NA	PF05595;COG4707;TIGR01764	Prophage pi2 protein 07
contig_4|provirus_1208625_1251666_1318	1249054	1249278	225	-1	0.320	11	GGA/GAG/AGG	GENOMAD.115125.VV	1.174e-29	112	0	0	0	2561	Caudoviricetes	NA	NA	PF05339;COG5606;TIGR00673	Predicted DNA-binding protein, XRE-type HTH domain
contig_4|provirus_1208625_1251666_1319	1249448	1249825	378	1	0.333	11	AGGA	GENOMAD.220722.VV	8.32e-07	49	0	0	0	2561	Caudoviricetes	NA	NA	COG3655	DNA-binding transcriptional regulator, XRE family
contig_4|provirus_1208625_1251666_1320	1249852	1250313	462	1	0.335	11	GGA/GAG/AGG	GENOMAD.123021.VV	2.787e-23	98	0	0	0	2561	Caudoviricetes	NA	NA	PF06114;COG2856	IrrE N-terminal-like domain
contig_4|provirus_1208625_1251666_1321	1250325	1251458	1134	1	0.302	11	AGGAG	GENOMAD.169483.VP	4.948e-16	83	0	0	0	2561	Caudoviricetes	NA	NA	NA	NA
contig_4|provirus_1208625_1251666_1322	1251523	1251666	144	-1	0.375	11	None	NA	NA	NA	0	0	0	1	NA	NA	NA	NA	NA
contig_4|provirus_2883721_2896061_2798	2883721	2883864	144	1	0.306	11	None	NA	NA	NA	0	0	0	1	NA	NA	NA	NA	NA
contig_4|provirus_2883721_2896061_2799	2883884	2884246	363	-1	0.377	11	None	NA	NA	NA	0	0	0	1	NA	NA	NA	NA	NA
contig_4|provirus_2883721_2896061_2800	2884459	2884968	510	1	0.382	11	None	GENOMAD.067859.VV	2.377e-75	249	0	0	0	2561	Caudoviricetes	NA	NA	PF05263;TIGR01636;K01994;COG4584	phage transcriptional activator, RinA family
contig_4|provirus_2883721_2896061_2801	2885185	2885778	594	1	0.364	11	GGA/GAG/AGG	GENOMAD.018762.VV	2.284e-89	291	0	0	1	2561	Caudoviricetes	NA	NA	TIGR02126;COG5437	phage major tail protein, TP901-1 family
contig_4|provirus_2883721_2896061_2802	2885856	2886236	381	1	0.336	11	None	GENOMAD.027610.VV	1.122e-62	210	0	0	1	2561	Caudoviricetes	NA	NA	PF12363	Phage tail assembly chaperone protein, TAC
contig_4|provirus_2883721_2896061_2803	2886389	2886592	204	1	0.328	11	GGA/GAG/AGG	GENOMAD.027251.VV	4.133e-29	110	0	0	0	2561	Caudoviricetes	NA	NA	NA	NA
contig_4|provirus_2883721_2896061_2804	2886602	2888173	1572	1	0.372	11	GGA/GAG/AGG	GENOMAD.105874.VP	1.004e-38	156	0	0	0	2561	Caudoviricetes	NA	NA	COG5412	Phage-related protein
contig_4|provirus_2883721_2896061_2805	2888186	2889694	1509	1	0.337	11	GGAG/GAGG	GENOMAD.090257.VV	1.304e-70	251	0	0	1	2561	Caudoviricetes	NA	NA	PF05709;COG4722;TIGR01633	Phage tail protein
contig_4|provirus_2883721_2896061_2806	2889707	2892661	2955	1	0.327	11	AGGAG	GENOMAD.099127.VP	3.694e-51	201	0	0	0	2561	Caudoviricetes	NA	NA	COG4926	Phage-related protein
contig_4|provirus_2883721_2896061_2807	2892663	2892947	285	1	0.326	11	GGA/GAG/AGG	GENOMAD.198798.VV	6.272e-07	48	0	0	0	2561	Caudoviricetes	NA	NA	NA	NA
contig_4|provirus_2883721_2896061_2808	2893098	2893271	174	1	0.339	11	AGGAG	NA	NA	NA	0	0	0	1	NA	NA	NA	NA	NA
contig_4|provirus_2883721_2896061_2809	2893369	2893707	339	1	0.351	11	AGGAG	GENOMAD.208052.VV	9.479e-26	103	0	0	0	1	NA	NA	NA	PF10779	Haemolysin XhlA
contig_4|provirus_2883721_2896061_2810	2893721	2893954	234	1	0.372	11	AGGAG	GENOMAD.223394.VP	3.239e-36	131	0	0	1	2561	Caudoviricetes	NA	NA	PF04688;TIGR01592	holin, SPP1 family
contig_4|provirus_2883721_2896061_2811	2894021	2894788	768	1	0.393	11	AGGAG	GENOMAD.056053.VV	5.063e-07	53	0	0	0	2561	Caudoviricetes	NA	NA	COG0860;TIGR02883	N-acetylmuramoyl-L-alanine amidase
contig_4|provirus_2883721_2896061_2812	2895390	2896061	672	-1	0.381	11	GGA/GAG/AGG	NA	NA	NA	0	0	0	1	NA	NA	NA	NA	NA
