PL25_M23	ref|WP_047980627.1|	66.574	359	116	3	16	370	4	362	2.08e-158	460	peptidoglycan DD-metalloendopeptidase family protein [Ornithinibacillus contaminans]	694055	N/A
PL25_M23	ref|WP_066194568.1|	64.012	339	111	2	31	369	14	341	6.60e-153	445	peptidoglycan DD-metalloendopeptidase family protein [Cytobacillus horneckiae]	549687	N/A
PL25_M23	ref|WP_163578527.1|	57.487	374	142	7	5	368	14	380	1.62e-142	420	MULTISPECIES: peptidoglycan DD-metalloendopeptidase family protein [Gracilibacillus]	74385;178340;563735	N/A;N/A;N/A
PL25_M23	ref|WP_343191776.1|	57.022	356	128	7	21	368	31	369	2.77e-136	404	peptidoglycan DD-metalloendopeptidase family protein [Caldifermentibacillus hisashii]	996558	N/A
PL25_M23	ref|WP_269919978.1|	56.742	356	129	7	21	368	31	369	7.63e-136	403	peptidoglycan DD-metalloendopeptidase family protein [Caldifermentibacillus hisashii]	996558	N/A
PL25_M23	ref|WP_227092181.1|	56.461	356	130	7	21	368	31	369	6.01e-135	401	peptidoglycan DD-metalloendopeptidase family protein [Caldibacillus thermoamylovorans]	35841	N/A
PL25_M23	ref|WP_324225084.1|	53.501	357	155	4	22	369	4	358	1.68e-129	387	peptidoglycan DD-metalloendopeptidase family protein [Lentibacillus sp.]	1925746	N/A
PL25_M23	ref|WP_176447356.1|	52.925	359	158	4	20	369	2	358	8.20e-128	382	peptidoglycan DD-metalloendopeptidase family protein [Lentibacillus sp. CBA3610]	2518176	N/A
PL25_M23	ref|WP_461177648.1|	52.958	355	157	3	22	368	5	357	6.94e-126	377	peptidoglycan DD-metalloendopeptidase family protein [Virgibacillus ainsalahensis]	1337860	N/A
PL25_M23	ref|WP_390274409.1|	52.941	340	153	3	34	369	23	359	1.06e-123	372	peptidoglycan DD-metalloendopeptidase family protein [Virgibacillus xinjiangensis]	393090	N/A
PL25_M23	ref|WP_068441797.1|	51.124	356	164	4	22	369	4	357	6.67e-123	370	peptidoglycan DD-metalloendopeptidase family protein [Lentibacillus amyloliquefaciens]	1472767	N/A
PL25_M23	ref|WP_390303499.1|	55.873	315	133	2	59	369	47	359	2.10e-122	369	peptidoglycan DD-metalloendopeptidase family protein [Virgibacillus sediminis]	202260	N/A
PL25_M23	ref|WP_138600556.1|	50.430	349	164	3	25	368	14	358	5.31e-122	367	peptidoglycan DD-metalloendopeptidase family protein [Lentibacillus cibarius]	2583219	N/A
PL25_M23	ref|WP_382391954.1|	50.286	350	166	3	25	368	11	358	9.74e-121	364	peptidoglycan DD-metalloendopeptidase family protein [Lentibacillus juripiscarius]	257446	N/A
PL25_M23	ref|WP_138600713.1|	49.713	348	166	3	26	368	15	358	2.00e-120	363	peptidoglycan DD-metalloendopeptidase family protein [Lentibacillus cibarius]	2583219	N/A
PL25_M23	ref|WP_082220163.1|	52.793	358	151	7	19	367	2	350	4.52e-117	355	peptidoglycan DD-metalloendopeptidase family protein [Domibacillus robiginosus]	1071054	N/A
PL25_M23	ref|WP_046176727.1|	53.652	356	151	7	19	367	2	350	7.59e-116	352	peptidoglycan DD-metalloendopeptidase family protein [Domibacillus indicus]	1437523	N/A
PL25_M23	ref|WP_394237463.1|	52.162	370	150	12	19	369	4	365	8.90e-116	352	peptidoglycan DD-metalloendopeptidase family protein [Niallia oryzisoli]	1737571	N/A
PL25_M23	ref|WP_251274384.1|	53.090	356	153	7	19	367	2	350	4.18e-114	347	peptidoglycan DD-metalloendopeptidase family protein [Domibacillus indicus]	1437523	N/A
PL25_M23	ref|WP_097074628.1|	49.580	357	159	6	27	368	12	362	2.97e-109	335	peptidoglycan DD-metalloendopeptidase family protein [Ureibacillus xyleni]	614648	N/A
PL25_M23	gb|MER1987475.1|	49.435	354	159	6	27	366	12	359	4.89e-107	329	peptidoglycan DD-metalloendopeptidase family protein [Solibacillus sp.]	1909654	N/A
PL25_M23	ref|WP_464380148.1|	50.000	366	168	6	13	368	2	362	1.09e-106	328	peptidoglycan DD-metalloendopeptidase family protein [Gracilibacillus boraciitolerans]	307521	N/A
PL25_M23	ref|WP_443121293.1|	51.389	360	158	8	22	368	31	386	9.57e-106	327	peptidoglycan DD-metalloendopeptidase family protein [Halobacillus sp. H74]	3457436	N/A
PL25_M23	ref|WP_391374839.1|	49.030	361	164	6	22	368	7	361	1.53e-102	318	peptidoglycan DD-metalloendopeptidase family protein [Lysinibacillus sp. KU-BSD001]	3141328	N/A
PL25_M23	ref|WP_380771496.1|	52.698	315	133	5	66	370	71	379	2.58e-98	308	peptidoglycan DD-metalloendopeptidase family protein [Siminovitchia sediminis]	1274353	N/A
PL25_M23	ref|WP_144460345.1|	52.698	315	133	5	66	370	71	379	3.54e-98	307	peptidoglycan DD-metalloendopeptidase family protein [Siminovitchia fortis]	254758	N/A
PL25_M23	ref|WP_052400764.1|	46.486	370	169	8	19	367	2	363	8.68e-96	301	MULTISPECIES: peptidoglycan DD-metalloendopeptidase family protein [Oceanobacillus]	182709;545501;1462527	N/A;N/A;N/A
PL25_M23	ref|WP_340833285.1|	46.398	347	171	6	23	363	15	352	3.95e-94	296	peptidoglycan DD-metalloendopeptidase family protein [Margalitia sp. FSL K6-0131]	2954604	N/A
PL25_M23	ref|WP_415778640.1|	46.471	340	171	5	27	363	21	352	1.06e-93	295	MULTISPECIES: peptidoglycan DD-metalloendopeptidase family protein [Bacillota]	1239;1872527;2675271	N/A;N/A;N/A
PL25_M23	ref|WP_440440272.1|	51.987	302	135	6	69	366	65	360	2.24e-93	295	peptidoglycan DD-metalloendopeptidase family protein [Peribacillus frigoritolerans]	450367	N/A
PL25_M23	ref|WP_453509148.1|	51.656	302	136	6	69	366	40	335	4.36e-93	293	peptidoglycan DD-metalloendopeptidase family protein, partial [Streptomyces sp. NPDC055080]	3345531	N/A
PL25_M23	ref|WP_392723777.1|	51.656	302	136	6	69	366	65	360	4.99e-93	293	MULTISPECIES: peptidoglycan DD-metalloendopeptidase family protein [Bacillati]	421767;1783272;1854574	N/A;N/A;N/A
PL25_M23	ref|WP_379165135.1|	51.656	302	136	6	69	366	47	342	6.35e-93	293	peptidoglycan DD-metalloendopeptidase family protein, partial [Peribacillus butanolivorans]	421767	N/A
PL25_M23	ref|WP_181473872.1|	51.603	312	141	5	60	364	38	346	6.76e-93	293	M23 family metallopeptidase [Halobacillus locisalis]	220753	N/A
PL25_M23	ref|WP_243292829.1|	47.397	365	167	11	26	368	7	368	8.18e-91	288	peptidoglycan DD-metalloendopeptidase family protein [Bacillus sp. FJAT-47783]	2922712	N/A
PL25_M23	ref|WP_213429141.1|	45.507	345	175	7	24	367	33	365	3.02e-88	282	MULTISPECIES: peptidoglycan DD-metalloendopeptidase family protein [Paenibacillus]	44249;130049;2912268	N/A;N/A;N/A
PL25_M23	gb|MCC4313474.1|	45.278	360	172	11	18	365	13	359	6.28e-88	281	hypothetical protein [Carnobacterium maltaromaticum]	2751	N/A
PL25_M23	ref|WP_413242722.1|	44.957	347	177	8	25	367	43	379	9.21e-88	281	peptidoglycan DD-metalloendopeptidase family protein [Paenibacillus jepli]	3132209	N/A
PL25_M23	ref|WP_229252482.1|	45.278	360	172	11	18	365	6	352	1.02e-87	280	peptidoglycan DD-metalloendopeptidase family protein [Carnobacterium maltaromaticum]	2751	N/A
PL25_M23	ref|WP_082231923.1|	47.040	321	160	4	46	364	36	348	1.17e-87	280	peptidoglycan DD-metalloendopeptidase family protein [Halobacillus massiliensis]	1926286	N/A
PL25_M23	gb|EGL15072.1|	48.026	304	143	6	63	364	257	547	2.07e-87	286	peptidase, M23 family [Paenibacillus sp. HGF7]	944559;1078505	N/A;N/A
PL25_M23	ref|WP_231392196.1|	48.026	304	143	6	63	364	296	586	4.16e-87	286	MULTISPECIES: peptidoglycan DD-metalloendopeptidase family protein [unclassified Paenibacillus]	185978;944559;1078505	N/A;N/A;N/A
PL25_M23	ref|WP_341115568.1|	45.278	360	172	11	18	365	6	352	9.83e-87	277	peptidoglycan DD-metalloendopeptidase family protein [Carnobacterium sp. FSL E2-0243]	2921365	N/A
PL25_M23	ref|WP_144625337.1|	46.933	326	158	8	45	364	76	392	3.15e-86	278	MULTISPECIES: peptidoglycan DD-metalloendopeptidase family protein [Bacillus subtilis group]	1423;492670;653685	N/A;N/A;N/A
PL25_M23	ref|WP_173918989.1|	47.319	317	156	4	46	360	36	343	5.66e-86	275	peptidoglycan DD-metalloendopeptidase family protein [Halobacillus sp. Marseille-Q1614]	2709134	N/A
PL25_M23	gb|MBD7939652.1|	44.767	344	168	9	32	364	2	334	1.52e-85	274	peptidoglycan DD-metalloendopeptidase family protein [Cytobacillus stercorigallinarum]	2762240	N/A
PL25_M23	ref|WP_336766092.1|	42.582	364	184	11	19	366	2	356	3.54e-85	273	peptidoglycan DD-metalloendopeptidase family protein [Paenibacillus sp. USHLN196]	3081291	N/A
PL25_M23	ref|WP_459286492.1|	42.818	362	182	11	19	364	2	354	4.48e-85	273	peptidoglycan DD-metalloendopeptidase family protein [Paenibacillus vandeheii]	3035917	N/A
PL25_M23	ref|WP_337035791.1|	42.818	362	182	11	19	364	2	354	4.88e-85	273	peptidoglycan DD-metalloendopeptidase family protein [Paenibacillus illinoisensis]	59845	N/A
PL25_M23	ref|WP_225230805.1|	43.478	368	189	9	9	364	13	373	8.38e-85	273	peptidoglycan DD-metalloendopeptidase family protein [Cytobacillus stercorigallinarum]	2762240	N/A
PL25_M23	ref|WP_193065424.1|	41.645	377	180	10	19	367	2	366	2.31e-84	272	peptidoglycan DD-metalloendopeptidase family protein [Oceanobacillus oncorhynchi]	545501	N/A
PL25_M23	ref|WP_253500519.1|	46.645	313	150	8	62	364	49	354	5.01e-84	270	peptidoglycan DD-metalloendopeptidase family protein [Paenibacillus polysaccharolyticus]	582692	N/A
PL25_M23	ref|WP_090905445.1|	46.326	313	151	8	62	364	49	354	8.42e-84	270	peptidoglycan DD-metalloendopeptidase family protein [Paenibacillus sp. OK076]	1884379	N/A
PL25_M23	gb|KMM61068.1|	43.182	352	178	8	27	364	5	348	1.70e-83	269	hypothetical protein ACH95_07980 [Bacillus glycinifermentans]	1664069	N/A
PL25_M23	ref|WP_218047977.1|	43.137	357	179	9	24	364	25	373	2.78e-83	269	peptidoglycan DD-metalloendopeptidase family protein [Bacillus licheniformis]	1402	N/A
PL25_M23	ref|WP_172691963.1|	43.137	357	179	9	24	364	25	373	2.81e-83	269	MULTISPECIES: peptidoglycan DD-metalloendopeptidase family protein [Bacillus]	1386;1402;1664069	N/A;N/A;N/A
PL25_M23	ref|WP_326068009.1|	43.137	357	179	9	24	364	25	373	2.87e-83	269	MULTISPECIES: peptidoglycan DD-metalloendopeptidase family protein [Bacillus subtilis group]	1402;1423;653685	N/A;N/A;N/A
PL25_M23	ref|WP_268348884.1|	42.857	357	180	9	24	364	25	373	3.27e-83	269	peptidoglycan DD-metalloendopeptidase family protein [Bacillus haynesii]	1925021	N/A
PL25_M23	ref|WP_017474141.1|	43.137	357	179	9	24	364	25	373	3.38e-83	269	MULTISPECIES: peptidoglycan DD-metalloendopeptidase family protein [Bacillus]	1386;1402;1409;1232672;1664069;3122972;3373600	N/A;N/A;N/A;N/A;N/A;N/A;N/A
PL25_M23	ref|WP_268346717.1|	43.137	357	170	9	33	364	25	373	5.99e-83	268	MULTISPECIES: peptidoglycan DD-metalloendopeptidase family protein [Bacillus]	1386;1402;1925021	N/A;N/A;N/A
PL25_M23	ref|WP_251647350.1|	43.027	337	179	10	32	360	27	358	1.18e-82	267	MULTISPECIES: peptidoglycan DD-metalloendopeptidase family protein [Bacillaceae]	1311;28031;186817;2921678;2939567	N/A;N/A;N/A;N/A;N/A
PL25_M23	gb|AYC54099.1|	44.012	334	169	7	41	364	5	330	4.94e-82	265	hypothetical protein C7M53_22895 [Bacillus licheniformis]	1402;1409	N/A;N/A
PL25_M23	ref|WP_017815158.1|	42.541	362	183	9	22	364	1	356	5.06e-82	265	peptidoglycan DD-metalloendopeptidase family protein [Paenibacillus shenyangensis]	1434724	N/A
PL25_M23	ref|WP_019688376.1|	42.105	361	186	12	19	364	2	354	5.60e-82	265	peptidoglycan DD-metalloendopeptidase family protein [Paenibacillus polymyxa]	1406;1036171	N/A;N/A
PL25_M23	ref|WP_268412158.1|	42.857	357	171	9	33	364	25	373	5.93e-82	266	peptidoglycan DD-metalloendopeptidase family protein [Bacillus licheniformis]	1402	N/A
PL25_M23	ref|WP_126666970.1|	42.105	361	186	12	19	364	2	354	7.74e-82	265	peptidoglycan DD-metalloendopeptidase family protein [Paenibacillus polymyxa]	1406	N/A
PL25_M23	ref|WP_342437610.1|	43.235	340	166	9	45	364	2	334	1.11e-81	264	peptidoglycan DD-metalloendopeptidase family protein [Paenibacillus sp. FSL L8-0436]	2954686	N/A
PL25_M23	ref|WP_330721863.1|	41.828	361	187	12	19	364	2	354	1.56e-81	264	peptidoglycan DD-metalloendopeptidase family protein [Paenibacillus polymyxa]	1406	N/A
PL25_M23	ref|WP_290410654.1|	42.105	361	186	12	19	364	2	354	1.88e-81	264	peptidoglycan DD-metalloendopeptidase family protein [Paenibacillus polymyxa]	1406	N/A
PL25_M23	ref|WP_430097725.1|	41.828	361	187	12	19	364	2	354	3.56e-81	263	peptidoglycan DD-metalloendopeptidase family protein [Paenibacillus polymyxa]	1406	N/A
PL25_M23	ref|WP_326243746.1|	46.933	326	158	8	45	364	76	392	3.88e-81	265	MULTISPECIES: peptidoglycan DD-metalloendopeptidase family protein [Bacillus subtilis group]	1423;96241;653685	N/A;N/A;N/A
PL25_M23	ref|WP_144523896.1|	43.787	338	167	8	41	364	50	378	4.64e-81	264	peptidoglycan DD-metalloendopeptidase family protein [Bacillus pumilus]	1408	N/A
PL25_M23	ref|WP_213380728.1|	46.933	326	158	8	45	364	76	392	4.66e-81	264	MULTISPECIES: peptidoglycan DD-metalloendopeptidase family protein [Bacillus subtilis group]	1423;653685;2054641	N/A;N/A;N/A
PL25_M23	ref|WP_474970554.1|	47.692	325	154	6	45	364	37	350	9.63e-81	262	peptidoglycan DD-metalloendopeptidase family protein [Halobacillus sp. ABH2_015]	3477715	N/A
PL25_M23	ref|WP_073411996.1|	45.860	314	150	7	62	364	74	378	9.88e-81	263	MULTISPECIES: peptidoglycan DD-metalloendopeptidase family protein [Bacillus]	1386;1402;1408;2572115	N/A;N/A;N/A;N/A
PL25_M23	ref|WP_073208534.1|	46.006	313	149	7	63	364	75	378	1.23e-80	263	peptidoglycan DD-metalloendopeptidase family protein [Bacillus safensis]	561879	N/A
PL25_M23	ref|WP_474317616.1|	41.828	361	187	12	19	364	2	354	1.37e-80	262	peptidoglycan DD-metalloendopeptidase family protein [Paenibacillus sp. TSM33]	3388493	N/A
PL25_M23	ref|WP_367912948.1|	45.860	314	150	7	62	364	74	378	1.95e-80	262	peptidoglycan DD-metalloendopeptidase family protein [Bacillus pumilus]	1408	N/A
PL25_M23	gb|QWS52513.1|	45.223	314	152	7	62	364	29	333	2.01e-80	261	peptidoglycan DD-metalloendopeptidase family protein [Bacillus sp. JNUCC-24]	2842458	N/A
PL25_M23	ref|WP_096882194.1|	46.006	313	149	7	63	364	75	378	2.06e-80	262	peptidoglycan DD-metalloendopeptidase family protein [Bacillus altitudinis]	293387	N/A
PL25_M23	ref|WP_134914831.1|	42.061	359	189	10	19	364	2	354	3.30e-80	261	peptidoglycan DD-metalloendopeptidase family protein [Paenibacillus sp. IHB B 3084]	867076	N/A
PL25_M23	ref|WP_413023458.1|	42.105	361	186	8	20	364	20	373	4.11e-80	261	peptidoglycan DD-metalloendopeptidase family protein [Peribacillus frigoritolerans]	450367	N/A
PL25_M23	ref|WP_341055867.1|	45.223	314	152	7	62	364	74	378	5.74e-80	261	peptidoglycan DD-metalloendopeptidase family protein [Bacillus sp. FSL M8-0256]	2954578	N/A
PL25_M23	ref|WP_253207528.1|	41.551	361	180	9	26	364	26	377	6.15e-80	261	peptidoglycan DD-metalloendopeptidase family protein [Bacillus sp. JNUCC-24]	2842458	N/A
PL25_M23	ref|WP_322163180.1|	41.551	361	188	12	19	364	2	354	6.38e-80	260	peptidoglycan DD-metalloendopeptidase family protein [Paenibacillus polymyxa]	1406	N/A
PL25_M23	ref|WP_144472451.1|	45.541	314	151	7	62	364	74	378	7.28e-80	261	peptidoglycan DD-metalloendopeptidase family protein [Bacillus pumilus]	1408;315750	N/A;N/A
PL25_M23	ref|WP_410973688.1|	45.223	314	152	7	62	364	74	378	8.66e-80	261	MULTISPECIES: peptidoglycan DD-metalloendopeptidase family protein [Bacillus]	1386;561879;2954760	N/A;N/A;N/A
PL25_M23	ref|WP_257127122.1|	41.551	361	188	12	19	364	2	354	9.52e-80	259	peptidoglycan DD-metalloendopeptidase family protein [Paenibacillus polymyxa]	1406	N/A
PL25_M23	ref|WP_332085996.1|	42.458	358	181	11	19	360	2	350	1.06e-79	259	peptidoglycan DD-metalloendopeptidase family protein [Paenibacillus sp. GYB006]	2994394	N/A
PL25_M23	ref|WP_288394285.1|	44.058	345	167	10	20	351	2	333	1.50e-79	259	peptidoglycan DD-metalloendopeptidase family protein [uncultured Vagococcus sp.]	189676	N/A
PL25_M23	ref|WP_126796176.1|	43.895	344	168	9	20	351	2	332	1.83e-79	258	peptidoglycan DD-metalloendopeptidase family protein [Vagococcus carniphilus]	218144;1933889	N/A;N/A
PL25_M23	ref|WP_332086251.1|	42.308	364	185	11	19	366	2	356	2.05e-79	259	peptidoglycan DD-metalloendopeptidase family protein [Paenibacillus sp. GYB006]	2994394	N/A
PL25_M23	ref|WP_483873176.1|	41.783	359	190	10	19	364	2	354	3.84e-79	258	peptidoglycan DD-metalloendopeptidase family protein [Paenibacillus maysiensis]	1155954	N/A
PL25_M23	ref|WP_428749289.1|	44.798	346	163	11	20	351	2	333	3.89e-79	258	peptidoglycan DD-metalloendopeptidase family protein [Vagococcus fluvialis]	2738	N/A
PL25_M23	ref|WP_420499675.1|	45.087	346	162	11	20	351	2	333	9.55e-79	257	peptidoglycan DD-metalloendopeptidase family protein [Vagococcus fluvialis]	2738	N/A
PL25_M23	ref|WP_069011625.1|	41.551	361	188	12	19	364	2	354	1.06e-78	257	MULTISPECIES: peptidoglycan DD-metalloendopeptidase family protein [Paenibacillus]	1406;44249;2921620	N/A;N/A;N/A
PL25_M23	ref|WP_216882248.1|	43.626	353	181	9	23	364	3	348	1.19e-78	256	peptidoglycan DD-metalloendopeptidase family protein [Bacillus subtilis]	1423	N/A
PL25_M23	ref|WP_302881375.1|	41.854	356	187	10	19	364	2	347	1.21e-78	256	peptidoglycan DD-metalloendopeptidase family protein [Paenibacillus ehimensis]	79264	N/A
PL25_M23	ref|WP_191804995.1|	41.436	362	187	11	19	364	2	354	5.15e-78	255	peptidoglycan DD-metalloendopeptidase family protein [Paenibacillus gallinarum]	2762232	N/A
PL25_M23	ref|WP_213534565.1|	45.714	315	154	8	62	366	49	356	5.53e-78	255	peptidoglycan DD-metalloendopeptidase family protein [Paenibacillus sp. J45TS6]	2807196	N/A
PL25_M23	tpg|HHW36839.1|	43.804	347	170	10	25	365	21	348	5.94e-78	254	peptidoglycan DD-metalloendopeptidase family protein [Caryophanales bacterium]	1904864	N/A
PL25_M23	ref|WP_250242968.1|	40.997	361	190	12	19	364	2	354	8.44e-78	254	peptidoglycan DD-metalloendopeptidase family protein [Paenibacillus polymyxa]	1406	N/A
PL25_M23	ref|WP_328232248.1|	43.804	347	170	10	25	365	21	348	1.03e-77	254	peptidoglycan DD-metalloendopeptidase family protein [Schinkia azotoformans]	1454	N/A
PL25_M23	ref|WP_423054298.1|	44.348	345	166	10	20	351	2	333	1.25e-77	254	peptidoglycan DD-metalloendopeptidase family protein [Vagococcus fluvialis]	2738	N/A
PL25_M23	ref|WP_440385268.1|	44.602	352	176	9	19	364	36	374	1.65e-77	255	peptidoglycan DD-metalloendopeptidase family protein [Paenibacillus cellulositrophicus]	562959	N/A
PL25_M23	ref|WP_311873486.1|	44.058	345	167	10	20	351	2	333	1.95e-77	253	peptidoglycan DD-metalloendopeptidase family protein [Vagococcus fluvialis]	2738	N/A
PL25_M23	ref|WP_430152637.1|	40.443	361	192	12	19	364	2	354	7.64e-77	252	peptidoglycan DD-metalloendopeptidase family protein [Paenibacillus jamilae]	114136	N/A
PL25_M23	ref|WP_202032996.1|	41.620	358	184	11	19	360	2	350	8.00e-77	252	MULTISPECIES: peptidoglycan DD-metalloendopeptidase family protein [unclassified Paenibacillus]	58172;185978;2807196	N/A;N/A;N/A
PL25_M23	gb|EAD0146148.1|	44.681	329	160	7	30	351	26	339	1.64e-76	251	hypothetical protein [Listeria monocytogenes]	1639	N/A
PL25_M23	gb|EAC2412645.1|	44.681	329	160	7	30	351	26	339	3.77e-76	250	hypothetical protein [Listeria monocytogenes]	1639	N/A
PL25_M23	gb|OMF44763.1|	46.319	326	157	8	44	364	35	347	4.78e-76	250	hypothetical protein BK138_34495 [Paenibacillus rhizosphaerae]	297318	N/A
PL25_M23	gb|MGM9924835.1|	47.115	312	156	5	63	368	23	331	6.13e-76	249	peptidoglycan DD-metalloendopeptidase family protein [Bacillus sp. (in: firmicutes)]	1409	N/A
PL25_M23	ref|WP_005552021.1|	49.020	306	144	6	64	367	69	364	9.20e-76	250	peptidoglycan DD-metalloendopeptidase family protein [Paenibacillus alvei]	44250;1206781	N/A;N/A
PL25_M23	ref|WP_084204309.1|	46.769	325	157	8	44	364	62	374	1.41e-75	250	MULTISPECIES: peptidoglycan DD-metalloendopeptidase family protein [Paenibacillus]	44249;297318;2921637	N/A;N/A;N/A
PL25_M23	ref|WP_367759922.1|	43.733	359	178	11	17	364	8	353	1.15e-74	246	peptidoglycan DD-metalloendopeptidase family protein [Ammoniphilus soli]	3158265	N/A
PL25_M23	ref|WP_052000459.1|	50.519	289	126	7	93	368	1	285	2.27e-74	243	M23 family metallopeptidase [Gracilibacillus boraciitolerans]	307521;1298598	N/A;N/A
PL25_M23	ref|WP_127606892.1|	40.449	356	193	9	19	364	2	348	4.54e-74	245	MULTISPECIES: peptidoglycan DD-metalloendopeptidase family protein [Paenibacillus]	44249;59846;2490856	N/A;N/A;N/A
PL25_M23	ref|WP_087572327.1|	40.449	356	193	9	19	364	2	348	4.79e-74	244	peptidoglycan DD-metalloendopeptidase family protein [Paenibacillus sp. MY03]	302980	N/A
PL25_M23	ref|WP_093291768.1|	41.026	351	188	8	24	364	16	357	5.44e-74	245	peptidoglycan DD-metalloendopeptidase family protein [Thermoactinomyces sp. DSM 45892]	1882753	N/A
PL25_M23	ref|WP_148246246.1|	39.888	356	195	9	19	364	2	348	6.48e-74	244	peptidoglycan DD-metalloendopeptidase family protein [Paenibacillus sp. Cedars]	1980674	N/A
PL25_M23	ref|WP_094050842.1|	40.449	356	193	9	19	364	2	348	1.60e-73	243	MULTISPECIES: peptidoglycan DD-metalloendopeptidase family protein [unclassified Cohnella]	1938751;1955714;2636738	N/A;N/A;N/A
PL25_M23	ref|WP_021624024.1|	40.169	356	194	9	19	364	2	348	4.71e-73	242	peptidoglycan DD-metalloendopeptidase family protein [Aneurinibacillus aneurinilyticus]	1391;649747	N/A;N/A
PL25_M23	ref|WP_076315507.1|	44.194	310	156	8	65	364	170	472	1.18e-71	242	peptidoglycan DD-metalloendopeptidase family protein [Paenibacillus sp. FSL H7-0326]	1921144	N/A
PL25_M23	ref|WP_326115602.1|	42.274	343	182	7	26	364	41	371	2.71e-71	239	peptidoglycan DD-metalloendopeptidase family protein [Paenibacillus lautus]	1401	N/A
PL25_M23	ref|WP_226551759.1|	46.528	288	138	8	71	351	388	666	2.60e-70	244	peptidoglycan DD-metalloendopeptidase family protein [Rossellomorea aquimaris]	189382	N/A
PL25_M23	gb|OWA33032.1|	46.711	304	148	6	63	364	90	381	4.25e-70	236	hypothetical protein B9G55_23835 [Saccharibacillus sp. O16]	1978120	N/A
PL25_M23	ref|WP_088491449.1|	46.711	304	148	6	63	364	90	381	4.79e-70	236	peptidoglycan DD-metalloendopeptidase family protein [Saccharibacillus sp. O23]	2009338	N/A
PL25_M23	ref|WP_303534472.1|	48.789	289	131	10	71	351	365	644	3.96e-69	241	peptidoglycan DD-metalloendopeptidase family protein [Anaerobacillus sp. 1_MG-2023]	3062655	N/A
PL25_M23	ref|WP_056042633.1|	45.048	313	139	10	64	365	297	587	6.16e-69	238	peptidoglycan DD-metalloendopeptidase family protein [Paenibacillus sp. Leaf72]	1736234	N/A
PL25_M23	ref|WP_132220440.1|	40.563	355	182	14	26	366	17	356	7.54e-69	231	peptidoglycan DD-metalloendopeptidase family protein [Laceyella sacchari]	37482	N/A
PL25_M23	ref|WP_280788192.1|	46.429	308	128	11	70	364	321	604	7.64e-69	238	peptidoglycan DD-metalloendopeptidase family protein [Paenibacillus sp. PastF-3]	2940626	N/A
PL25_M23	ref|WP_341109644.1|	46.429	308	128	11	70	364	321	604	9.23e-69	238	MULTISPECIES: peptidoglycan DD-metalloendopeptidase family protein [unclassified Paenibacillus]	185978;2921482;2921492	N/A;N/A;N/A
PL25_M23	ref|WP_094877631.1|	46.429	308	128	11	70	364	319	602	9.43e-69	238	peptidoglycan DD-metalloendopeptidase family protein [Paenibacillus sp. VTT E-133291]	1986223	N/A
PL25_M23	ref|WP_348625403.1|	40.720	361	191	12	19	364	2	354	2.02e-68	230	peptidoglycan DD-metalloendopeptidase family protein [Paenibacillus peoriae]	59893	N/A
PL25_M23	ref|WP_106342610.1|	41.226	359	194	11	11	360	19	369	2.32e-68	231	peptidoglycan DD-metalloendopeptidase family protein [Laceyella sediminis]	573074	N/A
PL25_M23	ref|WP_132219563.1|	45.695	302	148	10	67	360	76	369	2.82e-68	231	peptidoglycan DD-metalloendopeptidase family protein [Laceyella sacchari]	37482	N/A
PL25_M23	ref|WP_259436220.1|	46.358	302	146	10	67	360	76	369	4.47e-68	230	peptidoglycan DD-metalloendopeptidase family protein [Laceyella sacchari]	37482	N/A
PL25_M23	ref|WP_482885037.1|	46.358	302	146	10	67	360	76	369	6.87e-68	229	peptidoglycan DD-metalloendopeptidase family protein [Laceyella sacchari]	37482	N/A
PL25_M23	ref|WP_386089091.1|	37.903	372	201	8	10	366	4	360	9.12e-68	229	peptidoglycan DD-metalloendopeptidase family protein [Thermoactinomyces vulgaris]	2026	N/A
PL25_M23	gb|EFV74587.1|	44.483	290	144	7	71	355	38	315	2.39e-67	227	hypothetical protein HMPREF1013_05229 [Bacillus sp. 2_A_57_CT2]	665959	N/A
PL25_M23	ref|WP_194219876.1|	47.387	287	138	8	71	351	365	644	2.68e-67	236	peptidoglycan DD-metalloendopeptidase family protein [Guptibacillus hwajinpoensis]	208199	N/A
PL25_M23	ref|WP_456120107.1|	46.358	302	146	10	67	360	76	369	3.88e-67	228	peptidoglycan DD-metalloendopeptidase family protein [Laceyella tengchongensis]	574699	N/A
PL25_M23	ref|WP_118923024.1|	46.316	285	138	7	71	351	395	668	7.09e-67	235	peptidoglycan DD-metalloendopeptidase family protein [Neobacillus notoginsengisoli]	1578198	N/A
PL25_M23	ref|WP_154987854.1|	40.947	359	195	11	11	360	19	369	7.15e-67	227	peptidoglycan DD-metalloendopeptidase family protein [Laceyella tengchongensis]	574699	N/A
PL25_M23	ref|WP_052153933.1|	40.616	357	189	12	22	364	26	373	2.51e-66	226	MULTISPECIES: peptidoglycan DD-metalloendopeptidase family protein [Thermoactinomyces]	2023;1329516;2767427;2767428	N/A;N/A;N/A;N/A
PL25_M23	ref|WP_198059485.1|	40.616	357	189	12	22	364	26	373	2.65e-66	226	peptidoglycan DD-metalloendopeptidase family protein [Thermoactinomyces sp. CICC 10521]	2767426	N/A
PL25_M23	ref|WP_102991528.1|	46.026	302	147	10	67	360	76	369	8.27e-66	224	peptidoglycan DD-metalloendopeptidase family protein [Laceyella tengchongensis]	574699	N/A
PL25_M23	gb|MHK5065814.1|	39.674	368	189	11	3	364	53	393	9.02e-66	225	peptidoglycan DD-metalloendopeptidase family protein [Bacillota bacterium]	1879010	N/A
PL25_M23	ref|WP_340778092.1|	48.047	256	115	5	121	364	1	250	9.10e-66	220	M23 family metallopeptidase [Solibacillus sp. FSL R7-0668]	2921688	N/A
PL25_M23	ref|WP_415781338.1|	44.983	289	144	7	71	355	410	687	1.29e-65	232	MULTISPECIES: peptidoglycan DD-metalloendopeptidase family protein [Bacillota]	1239;1872527;2675271	N/A;N/A;N/A
PL25_M23	gb|MGA9173953.1|	40.988	344	181	12	32	361	3	338	3.82e-65	221	peptidoglycan DD-metalloendopeptidase family protein [Thermoactinomyces sp.]	2025	N/A
PL25_M23	ref|WP_121616750.1|	48.432	287	132	9	71	351	461	737	3.84e-65	232	peptidoglycan DD-metalloendopeptidase family protein [Virgibacillus halodenitrificans]	1482	N/A
PL25_M23	ref|WP_019380455.1|	44.828	290	143	7	71	355	409	686	4.70e-65	231	peptidoglycan DD-metalloendopeptidase family protein [Cytobacillus oceanisediminis]	665099;1196031	N/A;N/A
PL25_M23	ref|WP_379867533.1|	40.556	360	195	12	11	360	19	369	7.15e-65	222	peptidoglycan DD-metalloendopeptidase family protein [Laceyella putida]	110101	N/A
PL25_M23	gb|MGM0778887.1|	44.828	290	143	7	71	355	413	690	7.31e-65	230	peptidoglycan DD-metalloendopeptidase family protein [Bacillota bacterium]	1879010	N/A
PL25_M23	ref|WP_066238528.1|	44.637	289	143	7	71	354	390	666	1.40e-64	229	peptidoglycan DD-metalloendopeptidase family protein [Fictibacillus phosphorivorans]	1221500	N/A
PL25_M23	gb|MGG3102095.1|	50.000	222	93	5	25	232	25	242	1.49e-64	221	NlpC/P60 family protein [Bacillus velezensis]	492670	N/A
PL25_M23	ref|WP_089970974.1|	40.811	370	198	12	2	360	13	372	1.53e-64	221	peptidoglycan DD-metalloendopeptidase family protein [Lihuaxuella thermophila]	1173111	N/A
PL25_M23	ref|WP_251174882.1|	44.483	290	144	7	71	355	413	690	1.94e-64	229	peptidoglycan DD-metalloendopeptidase family protein [Cytobacillus oceanisediminis]	665099	N/A
PL25_M23	gb|MFD5196968.1|	50.000	218	93	4	25	230	25	238	2.31e-64	221	NlpC/P60 family protein [Bacillus subtilis]	1423	N/A
PL25_M23	ref|WP_251168872.1|	44.483	290	144	7	71	355	413	690	2.32e-64	229	peptidoglycan DD-metalloendopeptidase family protein [Cytobacillus firmus]	1399	N/A
PL25_M23	ref|WP_274856874.1|	44.138	290	145	7	71	355	338	615	2.41e-64	227	peptidoglycan DD-metalloendopeptidase family protein [Bacillus methanolicus]	1471	N/A
PL25_M23	ref|WP_080320314.1|	50.000	218	93	4	25	230	25	238	2.44e-64	221	MULTISPECIES: C40 family peptidase [Bacillus subtilis group]	1423;492670;653685	N/A;N/A;N/A
PL25_M23	ref|WP_034297894.1|	44.483	290	144	7	71	355	413	690	2.68e-64	229	MULTISPECIES: peptidoglycan DD-metalloendopeptidase family protein [unclassified Cytobacillus]	2575830;2675268;2921600;2939563;2954543	N/A;N/A;N/A;N/A;N/A
PL25_M23	ref|WP_263600221.1|	44.483	290	144	7	71	355	413	690	2.71e-64	229	peptidoglycan DD-metalloendopeptidase family protein [Cytobacillus firmus]	1399	N/A
PL25_M23	ref|WP_252222728.1|	44.483	290	144	7	71	355	413	690	2.86e-64	229	peptidoglycan DD-metalloendopeptidase family protein [Cytobacillus firmus]	1399	N/A
PL25_M23	ref|WP_113885106.1|	44.483	290	144	7	71	355	413	690	3.14e-64	228	MULTISPECIES: peptidoglycan DD-metalloendopeptidase family protein [Cytobacillus]	1399;665099;2675230	N/A;N/A;N/A
PL25_M23	ref|WP_172688803.1|	50.000	218	93	4	25	230	25	238	3.30e-64	220	MULTISPECIES: C40 family peptidase [Bacillus]	1386;1423;2715209	N/A;N/A;N/A
PL25_M23	ref|WP_252246573.1|	44.483	290	144	7	71	355	413	690	3.59e-64	228	peptidoglycan DD-metalloendopeptidase family protein [Cytobacillus oceanisediminis]	665099	N/A
PL25_M23	ref|WP_148950813.1|	43.046	302	154	6	71	356	326	625	4.78e-64	227	peptidoglycan DD-metalloendopeptidase family protein [Bacillus infantis]	324767	N/A
PL25_M23	ref|WP_262176232.1|	44.483	290	144	7	71	355	413	690	4.90e-64	228	peptidoglycan DD-metalloendopeptidase family protein [Cytobacillus firmus]	1399	N/A
PL25_M23	ref|WP_208928709.1|	42.492	313	170	6	54	361	7	314	5.22e-64	218	peptidoglycan DD-metalloendopeptidase family protein [Enterococcus rotai]	118060	N/A
PL25_M23	ref|WP_124726620.1|	45.215	303	147	11	67	360	67	359	5.57e-64	220	peptidoglycan DD-metalloendopeptidase family protein [Staphylospora marina]	2490858	N/A
PL25_M23	ref|WP_335688866.1|	44.138	290	145	7	71	355	413	690	5.67e-64	228	peptidoglycan DD-metalloendopeptidase family protein [Cytobacillus firmus]	1399	N/A
PL25_M23	ref|WP_317906588.1|	50.000	218	93	4	25	230	25	238	6.14e-64	220	C40 family peptidase [Bacillus subtilis]	1423	N/A
PL25_M23	ref|WP_209124396.1|	44.561	285	142	8	71	351	417	689	7.18e-64	228	peptidoglycan DD-metalloendopeptidase family protein [Alkalihalobacillus sp. BA299]	2815938	N/A
PL25_M23	ref|WP_024633678.1|	45.364	302	140	10	70	364	311	594	7.97e-64	225	MULTISPECIES: peptidoglycan DD-metalloendopeptidase family protein [Paenibacillus]	44249;1395586;1395587;3035917	N/A;N/A;N/A;N/A
PL25_M23	ref|WP_175394579.1|	45.364	302	140	10	70	364	311	594	8.58e-64	225	peptidoglycan DD-metalloendopeptidase family protein [Paenibacillus xylanilyticus]	248903	N/A
PL25_M23	ref|WP_212946030.1|	56.633	196	77	4	37	227	67	259	1.58e-63	219	C40 family peptidase [Heyndrickxia oleronia]	38875	N/A
PL25_M23	ref|WP_445818234.1|	49.541	218	94	4	25	230	25	238	1.66e-63	219	C40 family peptidase [Bacillus halotolerans]	260554	N/A
PL25_M23	ref|WP_341040665.1|	44.291	289	146	7	71	355	413	690	1.67e-63	226	peptidoglycan DD-metalloendopeptidase family protein [Cytobacillus sp. FSL R5-0596]	2954696	N/A
PL25_M23	ref|WP_251264864.1|	44.521	292	141	8	71	355	413	690	2.28e-63	226	MULTISPECIES: peptidoglycan DD-metalloendopeptidase family protein [Cytobacillus]	665099;2675230;3051614	N/A;N/A;N/A
PL25_M23	ref|WP_150363970.1|	43.929	280	140	8	95	364	1	273	4.11e-63	214	peptidoglycan DD-metalloendopeptidase family protein, partial [Paenibacillus sp. UASWS1643]	2580422	N/A
PL25_M23	ref|WP_336990342.1|	43.987	316	152	9	71	364	329	641	4.79e-63	224	peptidoglycan DD-metalloendopeptidase family protein [Bacillus infantis]	324767	N/A
PL25_M23	ref|WP_306010598.1|	43.987	316	152	9	71	364	329	641	4.99e-63	224	MULTISPECIES: peptidoglycan DD-metalloendopeptidase family protein [Bacillus]	1386;324767;3047080	N/A;N/A;N/A
PL25_M23	ref|WP_175552413.1|	39.257	377	195	13	1	360	1	360	6.58e-63	216	peptidoglycan DD-metalloendopeptidase family protein [Seinonella peptonophila]	112248	N/A
PL25_M23	gb|RKJ74455.1|	45.608	296	138	9	71	352	306	592	8.11e-63	223	hypothetical protein D7X33_19385 [Butyricicoccus sp. 1XD8-22]	2320083	N/A
PL25_M23	ref|WP_427601048.1|	42.708	288	156	5	71	351	336	621	8.44e-63	223	peptidoglycan DD-metalloendopeptidase family protein [Rossellomorea sp. NPDC071047]	3390675	N/A
PL25_M23	ref|WP_091586912.1|	48.182	220	105	2	16	234	3	214	1.00e-62	211	lytic transglycosylase domain-containing protein [Alteribacillus bidgolensis]	930129	N/A
PL25_M23	gb|MGA8941221.1|	44.136	324	163	11	45	360	2	315	1.29e-62	215	peptidoglycan DD-metalloendopeptidase family protein [Thermoactinomyces sp.]	2025	N/A
PL25_M23	ref|WP_090811030.1|	45.130	308	132	10	70	364	311	594	1.61e-62	222	peptidoglycan DD-metalloendopeptidase family protein [Paenibacillus sp. 276b]	1566277	N/A
PL25_M23	ref|WP_089030057.1|	47.967	246	110	5	7	239	10	250	1.68e-62	216	MULTISPECIES: C40 family peptidase [Bacillus]	1386;1402;1423;2968453	N/A;N/A;N/A;N/A
PL25_M23	ref|WP_375179057.1|	40.432	324	183	5	43	361	47	365	1.70e-62	216	peptidoglycan DD-metalloendopeptidase family protein [Enterococcus rotai]	118060	N/A
PL25_M23	ref|WP_131923328.1|	38.843	363	203	10	9	361	22	375	1.91e-62	216	peptidoglycan DD-metalloendopeptidase family protein [Hazenella coriacea]	1179467	N/A
PL25_M23	ref|WP_079696846.1|	45.130	308	132	10	70	364	311	594	2.05e-62	221	MULTISPECIES: peptidoglycan DD-metalloendopeptidase family protein [unclassified Paenibacillus]	185978;1907393;1907396;1938794	N/A;N/A;N/A;N/A
PL25_M23	gb|ODV48187.1|	50.495	202	89	3	36	230	1	198	2.21e-62	214	peptidase [Bacillus subtilis]	1423	N/A
PL25_M23	ref|WP_134704937.1|	50.000	248	112	6	121	367	1	237	2.51e-62	211	M23 family metallopeptidase [Ammoniphilus sp. YIM 78166]	1644106	N/A
PL25_M23	ref|WP_423109978.1|	43.772	281	130	8	33	293	25	297	3.35e-62	213	lytic murein transglycosylase [Bacillus licheniformis]	1402	N/A
PL25_M23	ref|WP_191567441.1|	57.812	192	74	3	45	231	78	267	3.50e-62	216	C40 family peptidase [Metabacillus idriensis]	324768	N/A
PL25_M23	gb|QAS54865.1|	43.793	290	145	9	71	353	164	442	3.79e-62	217	peptidase M23 [Halobacillus litoralis]	45668	N/A
PL25_M23	ref|WP_025809617.1|	48.739	238	101	6	19	239	17	250	4.40e-62	215	MULTISPECIES: C40 family peptidase [Bacillus]	1386;1402;1423;135461;1413213;1648923;2045018;3043238	N/A;N/A;N/A;N/A;N/A;N/A;N/A;N/A
PL25_M23	ref|WP_336104962.1|	44.521	292	144	9	71	358	371	648	4.73e-62	222	peptidoglycan DD-metalloendopeptidase family protein [Mesobacillus zeae]	1917180	N/A
PL25_M23	ref|WP_248254888.1|	44.097	288	142	8	71	351	336	611	5.52e-62	221	peptidoglycan DD-metalloendopeptidase family protein [Fictibacillus marinisediminis]	2878389	N/A
PL25_M23	gb|OJT59106.1|	48.739	238	101	6	19	239	3	236	5.96e-62	214	peptidase [Bacillus licheniformis]	1402	N/A
PL25_M23	ref|WP_201715474.1|	42.361	288	157	5	71	351	355	640	7.32e-62	221	peptidoglycan DD-metalloendopeptidase family protein [Rossellomorea arthrocnemi]	2769542	N/A
PL25_M23	ref|WP_175381768.1|	44.805	308	133	10	70	364	311	594	7.47e-62	220	peptidoglycan DD-metalloendopeptidase family protein [Paenibacillus taichungensis]	484184	N/A
PL25_M23	ref|WP_251156474.1|	43.793	290	143	9	71	354	331	606	7.73e-62	221	peptidoglycan DD-metalloendopeptidase family protein [Cytobacillus oceanisediminis]	665099	N/A
PL25_M23	ref|WP_256237372.1|	55.981	209	83	6	25	228	54	258	7.77e-62	214	bifunctional lytic transglycosylase/C40 family peptidase [Bacillus sp. EB600]	2806345	N/A
PL25_M23	ref|WP_377927430.1|	43.793	290	150	7	71	355	344	625	7.90e-62	221	peptidoglycan DD-metalloendopeptidase family protein [Bacillus salitolerans]	1437434	N/A
PL25_M23	ref|WP_307440450.1|	55.838	197	80	3	45	236	74	268	8.85e-62	214	C40 family peptidase [Bacillus sp. V2I10]	3042276	N/A
PL25_M23	ref|WP_341052974.1|	52.752	218	94	5	17	229	52	265	9.61e-62	214	C40 family peptidase [Cytobacillus sp. FSL R5-0569]	2921649	N/A
PL25_M23	ref|WP_474906534.1|	52.752	218	94	5	17	229	52	265	1.06e-61	214	C40 family peptidase [Cytobacillus kochii]	859143	N/A
PL25_M23	ref|WP_103032454.1|	52.315	216	84	5	28	228	41	252	1.28e-61	214	MULTISPECIES: C40 family peptidase [Bacillus]	1386;1423;135461;2975300	N/A;N/A;N/A;N/A
PL25_M23	ref|WP_340978748.1|	52.752	218	94	5	17	229	52	265	1.47e-61	214	MULTISPECIES: C40 family peptidase [unclassified Cytobacillus]	2675268;2921421;2921448;2921689	N/A;N/A;N/A;N/A
PL25_M23	ref|WP_009335593.1|	43.448	290	144	9	71	354	331	606	1.71e-61	219	MULTISPECIES: peptidoglycan DD-metalloendopeptidase family protein [Cytobacillus]	1399;665099;665959;2675230	N/A;N/A;N/A;N/A
PL25_M23	ref|WP_241656025.1|	43.793	290	145	9	71	353	322	600	1.80e-61	219	peptidoglycan DD-metalloendopeptidase family protein [Halobacillus litoralis]	45668	N/A
PL25_M23	gb|MDR4222284.1|	48.963	241	106	4	7	239	19	250	1.93e-61	213	peptidase [Priestia megaterium]	1404	N/A
PL25_M23	ref|WP_081704839.1|	53.023	215	92	5	22	230	55	266	2.00e-61	214	C40 family peptidase [Peribacillus psychrosaccharolyticus]	1407;1174504	N/A;N/A
PL25_M23	ref|WP_084372182.1|	49.107	224	106	4	10	228	33	253	2.13e-61	213	C40 family peptidase [Halalkalibacter krulwichiae]	199441;1220588	N/A;N/A
PL25_M23	ref|WP_192909257.1|	43.793	290	143	9	71	354	331	606	2.39e-61	219	peptidoglycan DD-metalloendopeptidase family protein [Cytobacillus oceanisediminis]	665099	N/A
PL25_M23	ref|WP_353883651.1|	44.337	309	135	10	70	365	311	595	2.58e-61	218	peptidoglycan DD-metalloendopeptidase family protein [Paenibacillus amylolyticus]	1451	N/A
PL25_M23	ref|WP_430353886.1|	41.433	321	145	10	71	360	323	631	2.82e-61	219	peptidoglycan DD-metalloendopeptidase family protein [Viridibacillus arvi]	263475	N/A
PL25_M23	gb|MGM0924136.1|	49.767	215	101	3	22	231	55	267	3.16e-61	213	NlpC/P60 family protein [Bacillota bacterium]	1879010	N/A
PL25_M23	ref|WP_482103458.1|	43.771	297	146	8	71	351	307	598	3.34e-61	219	peptidoglycan DD-metalloendopeptidase family protein [Sporosarcina sp. Y352]	3700070	N/A
PL25_M23	ref|WP_306472884.1|	52.315	216	86	4	32	239	35	241	4.05e-61	212	bifunctional lytic transglycosylase/C40 family peptidase [Priestia megaterium]	1404	N/A
PL25_M23	gb|MEC0314102.1|	52.315	216	84	5	28	228	41	252	4.33e-61	213	bifunctional lytic transglycosylase/C40 family peptidase [Bacillus subtilis]	1423	N/A
PL25_M23	ref|WP_427127982.1|	51.852	216	87	4	32	239	35	241	5.47e-61	212	bifunctional lytic transglycosylase/C40 family peptidase [Priestia megaterium]	1404	N/A
PL25_M23	ref|WP_454101632.1|	49.756	205	96	3	32	231	57	259	6.49e-61	212	C40 family peptidase [Metabacillus sp. SLBN-84]	3075427	N/A
PL25_M23	ref|WP_344700570.1|	35.013	397	201	11	7	354	9	397	6.73e-61	213	peptidoglycan DD-metalloendopeptidase family protein [Salinicoccus jeotgali]	381634	N/A
PL25_M23	ref|WP_221818303.1|	38.650	326	178	7	62	368	58	380	1.37e-60	211	peptidoglycan DD-metalloendopeptidase family protein [Priestia aryabhattai]	412384	N/A
PL25_M23	ref|WP_341060449.1|	51.835	218	96	5	17	229	52	265	2.69e-60	211	C40 family peptidase [Cytobacillus sp. FSL M8-0252]	2921621	N/A
PL25_M23	gb|NRG33575.1|	43.234	303	151	10	55	351	200	487	3.26e-60	213	peptidoglycan DD-metalloendopeptidase family protein [Niallia circulans]	1397	N/A
PL25_M23	ref|WP_083675658.1|	41.489	282	141	9	45	309	2	276	6.86e-60	207	MULTISPECIES: lytic murein transglycosylase [unclassified Paenibacillus]	185978;2921372;2954733	N/A;N/A;N/A
PL25_M23	gb|KLV21720.1|	43.234	303	151	10	55	351	200	487	7.06e-60	213	peptidase M23 [Niallia circulans]	1397	N/A
PL25_M23	ref|WP_340797172.1|	44.444	297	144	8	71	351	307	598	7.15e-60	215	peptidoglycan DD-metalloendopeptidase family protein [Sporosarcina sp. FSL K6-1508]	2921553	N/A
PL25_M23	gb|KAB7670450.1|	43.234	303	151	10	55	351	200	487	7.36e-60	213	peptidoglycan DD-metalloendopeptidase family protein [Bacillus sp. B1-b2]	2653201	N/A
PL25_M23	gb|QJX65184.1|	43.750	304	148	12	55	351	200	487	7.60e-60	213	peptidoglycan DD-metalloendopeptidase family protein [Niallia circulans]	1397	N/A
PL25_M23	gb|OHR69513.1|	59.091	176	69	2	53	227	2	175	7.87e-60	207	peptidase [Bacillus sp. HMSC76G11]	1608910	N/A
PL25_M23	gb|MGO0715728.1|	51.613	217	92	5	22	230	43	254	9.80e-60	209	C40 family peptidase [Bacillus subtilis]	1423	N/A
PL25_M23	ref|WP_229762810.1|	52.336	214	89	5	25	230	46	254	1.15e-59	209	MULTISPECIES: C40 family peptidase [Bacillus]	1386;1423;2888526	N/A;N/A;N/A
PL25_M23	ref|WP_483626679.1|	52.308	195	86	3	42	231	67	259	1.47e-59	209	C40 family peptidase [Metabacillus indicus]	246786	N/A
PL25_M23	ref|WP_157049751.1|	58.333	168	66	3	63	228	1	166	1.69e-59	201	lytic transglycosylase domain-containing protein [Thalassobacillus sp. C254]	1225341	N/A
PL25_M23	ref|WP_213532838.1|	43.985	266	129	10	27	281	10	266	1.72e-59	204	MULTISPECIES: lytic murein transglycosylase [unclassified Paenibacillus]	185978;2807196;2994394	N/A;N/A;N/A
PL25_M23	gb|MFT0137130.1|	46.713	289	136	9	71	351	142	420	1.81e-59	210	peptidoglycan DD-metalloendopeptidase family protein [Alcanivoracaceae bacterium MT1]	3301457	N/A
PL25_M23	ref|WP_385941534.1|	58.333	168	66	3	63	228	45	210	2.13e-59	203	lytic transglycosylase domain-containing protein [Thalassorhabdus alkalitolerans]	2282697	N/A
PL25_M23	ref|WP_133313671.1|	55.208	192	79	3	45	231	78	267	2.15e-59	208	C40 family peptidase [Peribacillus frigoritolerans]	450367	N/A
PL25_M23	ref|WP_226752559.1|	43.564	303	150	10	55	351	382	669	2.38e-59	215	peptidoglycan DD-metalloendopeptidase family protein [Niallia circulans]	1397	N/A
PL25_M23	gb|TWM96177.1|	55.978	184	76	2	59	239	9	190	2.43e-59	206	Peptidoglycan DL-endopeptidase CwlO [Bacillus licheniformis]	1402	N/A
PL25_M23	ref|WP_307411910.1|	54.872	195	85	2	38	231	1	193	3.12e-59	204	lytic transglycosylase domain-containing protein [Neobacillus ginsengisoli]	904295	N/A
PL25_M23	ref|WP_261382351.1|	51.905	210	94	3	35	239	1	208	3.20e-59	206	C40 family peptidase, partial [Bacillus licheniformis]	1402	N/A
