strain	bio_rep	dose_ug_mL	log10_untreated	log10_treated
Streptococcus equi subsp. zooepidemicus	1	100	8.16136800223497	5.74036268949424
Streptococcus pneumoniae	1	100	8.47712125471966	6.14612803567824
Staphylococcus aureus (MRSA)	1	100	8.65321251377534	6.35218251811136
Staphylococcus aureus (MSSA)	1	100	8.16136800223497	4.90308998699194
Mammaliicoccus sciuri	1	100	8.47712125471966	5.65321251377534
Staphylococcus aureus	1	100	8.54406804435028	6.14612803567824
Virgibacillus salarius	1	100	8.16136800223497	4.60205999132796
Streptococcus equi subsp. zooepidemicus	2	100	8.13033376849501	5.60205999132796
Streptococcus pneumoniae	2	100	8.47712125471966	6.39794000867204
Staphylococcus aureus (MRSA)	2	100	8.54406804435028	6.11394335230684
Staphylococcus aureus (MSSA)	2	100	8.38021124171161	4.8750612633917
Mammaliicoccus sciuri	2	100	8.27875360095283	5.84509804001426
Staphylococcus aureus	2	100	8.35218251811136	6.23044892137827
Virgibacillus salarius	2	100	8.27875360095283	4.53147891704226
Streptococcus equi subsp. zooepidemicus	3	100	8.13033376849501	5.54406804435028
Streptococcus pneumoniae	3	100	7.97772360528885	6.60205999132796
Staphylococcus aureus (MRSA)	3	100	8.69897000433602	6.44715803134222
Staphylococcus aureus (MSSA)	3	100	8.47712125471966	5.09691001300806
Mammaliicoccus sciuri	3	100	8.54406804435028	5.65321251377534
Staphylococcus aureus	3	100	8.47712125471966	6.5910646070265
Virgibacillus salarius	3	100	8.47712125471966	4.44715803134222
