strain	bio_rep	time_min	log10_untreated	log10_treated
Streptococcus equi subsp. zooepidemicus	1	0	8.16136800223497	8.14612803567824
Streptococcus equi subsp. zooepidemicus	1	30	8.27875360095283	6.74036268949424
Streptococcus equi subsp. zooepidemicus	1	60	8.14612803567824	5.69897000433602
Streptococcus equi subsp. zooepidemicus	1	120	8.30102999566398	5.60205999132796
Streptococcus equi subsp. zooepidemicus	1	180	8.16136800223497	5.54406804435028
Streptococcus pneumoniae	1	0	8.39794000867204	8.30102999566398
Streptococcus pneumoniae	1	30	8.47712125471966	6.65321251377534
Streptococcus pneumoniae	1	60	8.39794000867204	6.11394335230684
Streptococcus pneumoniae	1	120	8.16136800223497	5.74036268949424
Streptococcus pneumoniae	1	180	8.39794000867204	5.30102999566398
Staphylococcus aureus (MRSA)	1	0	8.39794000867204	8.39794000867204
Staphylococcus aureus (MRSA)	1	30	8.39794000867204	6.47712125471966
Staphylococcus aureus (MRSA)	1	60	8.39794000867204	5.77815125038364
Staphylococcus aureus (MRSA)	1	120	8.39794000867204	5.54406804435028
Staphylococcus aureus (MRSA)	1	180	8.38916608436453	5.39794000867204
Staphylococcus aureus (MSSA)	1	0	8.16136800223497	8.16136800223497
Staphylococcus aureus (MSSA)	1	30	8.30102999566398	5.90308998699194
Staphylococcus aureus (MSSA)	1	60	8.27875360095283	4.90308998699194
Staphylococcus aureus (MSSA)	1	120	8.16136800223497	4.74036268949424
Staphylococcus aureus (MSSA)	1	180	8.30102999566398	4.47712125471966
Mammaliicoccus sciuri	1	0	8.17609125905568	8.39794000867204
Mammaliicoccus sciuri	1	30	8.30102999566398	6.65321251377534
Mammaliicoccus sciuri	1	60	8.16136800223497	5.65321251377534
Mammaliicoccus sciuri	1	120	7.97772360528885	5.54406804435028
Mammaliicoccus sciuri	1	180	8.30102999566398	5.47712125471966
Staphylococcus aureus	1	0	8.39794000867204	8.47712125471966
Staphylococcus aureus	1	30	8.39794000867204	7.24303804868629
Staphylococcus aureus	1	60	8.39794000867204	6.14612803567824
Staphylococcus aureus	1	120	8.54406804435028	5.84509804001426
Staphylococcus aureus	1	180	8.39794000867204	5.81291335664286
Virgibacillus salarius	1	0	7.92941892571429	8.29003461136252
Virgibacillus salarius	1	30	7.97772360528885	4.74036268949424
Virgibacillus salarius	1	60	7.97772360528885	4.3324384599156
Virgibacillus salarius	1	120	7.97772360528885	3.60205999132796
Virgibacillus salarius	1	180	8.16136800223497	3.60205999132796
Streptococcus equi subsp. zooepidemicus	2	0	8.16136800223497	8.14612803567824
Streptococcus equi subsp. zooepidemicus	2	30	8.13033376849501	5.81291335664286
Streptococcus equi subsp. zooepidemicus	2	60	7.97772360528885	5.47712125471966
Streptococcus equi subsp. zooepidemicus	2	120	8.14612803567824	5.54406804435028
Streptococcus equi subsp. zooepidemicus	2	180	8.16136800223497	5.54406804435028
Streptococcus pneumoniae	2	0	8.60205999132796	8.14612803567824
Streptococcus pneumoniae	2	30	8.47712125471966	6.77815125038364
Streptococcus pneumoniae	2	60	8.47712125471966	6.39794000867204
Streptococcus pneumoniae	2	120	8.30102999566398	6.14612803567824
Streptococcus pneumoniae	2	180	8.39794000867204	6.14612803567824
Staphylococcus aureus (MRSA)	2	0	8.39794000867204	8.16136800223497
Staphylococcus aureus (MRSA)	2	30	8.54406804435028	6.39794000867204
Staphylococcus aureus (MRSA)	2	60	8.54406804435028	5.77815125038364
Staphylococcus aureus (MRSA)	2	120	8.30102999566398	5.65321251377534
Staphylococcus aureus (MRSA)	2	180	8.39794000867204	5.54406804435028
Staphylococcus aureus (MSSA)	2	0	7.65321251377534	7.95424250943933
Staphylococcus aureus (MSSA)	2	30	8.38021124171161	5.39794000867204
Staphylococcus aureus (MSSA)	2	60	7.95424250943933	4.74036268949424
Staphylococcus aureus (MSSA)	2	120	8.14612803567824	4.65321251377534
Staphylococcus aureus (MSSA)	2	180	8.16136800223497	4.47712125471966
Mammaliicoccus sciuri	2	0	8.14612803567824	8.39794000867204
Mammaliicoccus sciuri	2	30	8.27875360095283	6.16136800223498
Mammaliicoccus sciuri	2	60	8.02118929906994	5.74036268949424
Mammaliicoccus sciuri	2	120	8.27875360095283	5.47712125471966
Mammaliicoccus sciuri	2	180	8.16136800223497	5.39794000867204
Staphylococcus aureus	2	0	8.30102999566398	8.47712125471966
Staphylococcus aureus	2	30	8.35218251811136	6.8750612633917
Staphylococcus aureus	2	60	8.16136800223497	6.24303804868629
Staphylococcus aureus	2	120	8.14612803567824	6.04139268515823
Staphylococcus aureus	2	180	8.29003461136252	5.77815125038364
Virgibacillus salarius	2	0	7.90308998699194	8.09691001300806
Virgibacillus salarius	2	30	7.95424250943933	4.65321251377534
Virgibacillus salarius	2	60	8.14612803567824	4.24303804868629
Virgibacillus salarius	2	120	8.29003461136252	3.60205999132796
Virgibacillus salarius	2	180	8.16136800223497	3.60205999132796
Streptococcus equi subsp. zooepidemicus	3	0	8.16136800223497	8.16136800223497
Streptococcus equi subsp. zooepidemicus	3	30	8.13033376849501	5.69897000433602
Streptococcus equi subsp. zooepidemicus	3	60	8.13033376849501	5.39794000867204
Streptococcus equi subsp. zooepidemicus	3	120	8.13033376849501	5.47712125471966
Streptococcus equi subsp. zooepidemicus	3	180	8.13033376849501	5.39794000867204
Streptococcus pneumoniae	3	0	8.47712125471966	8.47712125471966
Streptococcus pneumoniae	3	30	7.97772360528885	6.77815125038364
Streptococcus pneumoniae	3	60	7.97772360528885	6.54406804435028
Streptococcus pneumoniae	3	120	7.97772360528885	6.54406804435028
Streptococcus pneumoniae	3	180	7.97772360528885	6.46982201597816
Staphylococcus aureus (MRSA)	3	0	8.54406804435028	8.39794000867204
Staphylococcus aureus (MRSA)	3	30	8.69897000433602	6.69897000433602
Staphylococcus aureus (MRSA)	3	60	8.26717172840301	5.8750612633917
Staphylococcus aureus (MRSA)	3	120	8.26717172840301	5.74036268949424
Staphylococcus aureus (MRSA)	3	180	8.26717172840301	5.54406804435028
Staphylococcus aureus (MSSA)	3	0	7.92941892571429	7.95424250943933
Staphylococcus aureus (MSSA)	3	30	8.16136800223497	5.77815125038364
Staphylococcus aureus (MSSA)	3	60	7.95424250943933	4.60205999132796
Staphylococcus aureus (MSSA)	3	120	8.30102999566398	4.39794000867204
Staphylococcus aureus (MSSA)	3	180	8.29003461136252	3.95424250943932
Mammaliicoccus sciuri	3	0	8.16136800223497	8.30102999566398
Mammaliicoccus sciuri	3	30	8.17609125905568	6.16136800223498
Mammaliicoccus sciuri	3	60	8.16136800223497	5.60205999132796
Mammaliicoccus sciuri	3	120	8.30102999566398	5.30102999566398
Mammaliicoccus sciuri	3	180	8.16136800223497	5.39794000867204
Staphylococcus aureus	3	0	8.30102999566398	8.30102999566398
Staphylococcus aureus	3	30	8.14612803567824	6.30102999566398
Staphylococcus aureus	3	60	8.30102999566398	6.37106786227174
Staphylococcus aureus	3	120	7.97772360528885	6.43933269383026
Staphylococcus aureus	3	180	8.30102999566398	6.23044892137827
Virgibacillus salarius	3	0	7.92941892571429	8.26717172840301
Virgibacillus salarius	3	30	7.92941892571429	4.77815125038364
Virgibacillus salarius	3	60	8.16136800223497	3.81291335664286
Virgibacillus salarius	3	120	8.30102999566398	3.47712125471966
Virgibacillus salarius	3	180	7.90308998699194	3.54406804435028
